" 149180020","CHA£UPKI","Odra (1)","00010"
" 149180300","OLZA","Odra (1)","00015"
" 149180010","KRZYØANOWICE","Odra (1)","00020"
" 150189994","RACIB”RZ","Odra (1)","00025"
" 150180060","RACIB”RZ-MIEDONIA","Odra (1)","00030"
" 150180030","KOèLE","Odra (1)","00031"
" 150170240","KRAPKOWICE","Odra (1)","00032"
" 150170290","OPOLE-GROSZOWICE","Odra (1)","000324"
" 150170230","OPOLE","Odra (1)","00033"
" 150170130","UJåCIE NYSY K£ODZKIEJ","Odra (1)","00034"
" 150170090","BRZEG","Odra (1)","00035"
" 150170040","O£AWA","Odra (1)","00036"
" 151170030","TRESTNO","Odra (1)","00037"
" 151160170","BRZEG DOLNY","Odra (1)","00038"
" 151160150","MALCZYCE","Odra (1)","00040"
" 151160130","åCINAWA","Odra (1)","00050"
" 151160060","G£OG”W","Odra (1)","00051"
" 151150150","NOWA S”L","Odra (1)","00060"
" 152150130","CIGACICE","Odra (1)","00070"
" 152150050","NIETK”W","Odra (1)","00071"
" 152140130","PO£ CKO","Odra (1)","00080"
" 152140090","BIA£A G”RA","Odra (1)","00085"
" 152140050","S£UBICE","Odra (1)","00090"
" 152140060","KOSTRZYN NAD ODR•","Odra (1)","00095"
" 152140020","GOZDOWICE","Odra (1)","00100"
" 152140010","BIELINEK","Odra (1)","00101"
" 153140020","WIDUCHOWA","Odra (1)","00110"
" 153140030","GRYFINO","Odra (1)","00111"
" 153140050","SZCZECIN-MOST D£UGI","Odra (1)","00112"
" 153140190","SZCZECIN-PODJUCHY","Regalica (1975)","00113"
" 150170160","BRANICE","Opawa (112)","00114"
" 150170170","BRANICE","Boczne koryto Opawy (112374)","00115"
" 150179997","OPAWICA","Opawica (1122)","00116"
" 149180130","ISTEBNA","Olza (114)","00120"
" 149180060","CIESZYN","Olza (114)","00130"
" 149180070","CIESZYN","M≥ynÛwka (11448)","00131"
" 149180030","£AZISKA","Olza (114)","00132"
" 149180050","ZEBRZYDOWICE","PiotrÛwka (1146)","00140"
" 149189998","ZEBRZYDOWICE","PielgrzymÛwka (11468)","00150"
" 149180040","GO£KOWICE","SzotkÛwka (1148)","00160"
" 149189999","GOD”W","Lesznica (11488)","00170"
" 150189995","SAMBOROWICE","Psina (1152)","00180"
" 150180040","BOJAN”W","Psina (1152)","00190"
" 150189999","KIETRZ","Troja (11526)","00200"
" 150189996","GR”DCZANKI","Troja (11526)","00201"
" 150180090","N DZA","Sumina (11568)","00210"
" 150180200","GOTARTOWICE","Ruda (1156)","00230"
" 150180280","RYBNIK-GOTARTOWICE","Ruda (1156)","00235"
" 150180130","RYBNIK-STODO£Y","Ruda (1156)","00237"
" 150180110","RUDA KOZIELSKA","Ruda (1156)","00240"
" 150180140","RYBNIK","Nacyna (11564)","00250"
" 150180120","TWOR”G MA£Y","Bierawka (1158)","00260"
" 150180080","GRAB”WKA","Bierawka (1158)","00261"
" 150189993","BIERAWA","Bierawka (1158)","00270"
" 150180250","K£ODNICA","K≥odnica (116)","00280"
" 150180220","GLIWICE","K≥odnica (116)","00290"
" 150180180","GLIWICE-£AB DY","K≥odnica (116)","00295"
" 150180150","PYSKOWICE-DZIERØNO","K≥odnica (116)","00298"
" 150189992","£ANY MA£E","K≥odnica (116)","00300"
" 150180070","LENARTOWICE","K≥odnica (116)","00310"
" 150180240","GLIWICE","Bytomka (1164)","00320"
" 150180170","PYSKOWICE","Drama (1166)","00322"
" 150180160","PYSKOWICE-DZIERØNO","Drama (1166)","00324"
" 150180010","KAMIONKA","Stradunia (1174)","00330"
" 150170180","RAC£AWICE åL•SKIE","Osob≥oga (1176)","00340"
" 150179995","KOMORNIKI","Osob≥oga (1176)","00350"
" 150170110","PRUDNIK","Prudnik (11764)","00360"
" 150170080","JARNO£T”WEK","Z≥oty Potok (117644)","00370"
" 150170220","DOBRA","Bia≥a (11768)","00380"
" 150189991","KUCZ”W","Ma≥a Panew (118)","00390"
" 150180190","KRUPSKI M£YN","Ma≥a Panew (118)","00400"
" 150180100","STANISZCZE WIELKIE","Ma≥a Panew (118)","00410"
" 150180050","OZIMEK","Ma≥a Panew (118)","00412"
" 150180020","TURAWA","Ma≥a Panew (118)","00420"
" 150180230","WESO£A","Sto≥a (11816)","00430"
" 150160190","MI DZYLESIE","Nysa K≥odzka (12)","00440"
" 150160170","BYSTRZYCA K£ODZKA","Nysa K≥odzka (12)","00450"
" 150160180","K£ODZKO","Nysa K≥odzka (12)","00460"
" 150160220","BARDO","Nysa K≥odzka (12)","00461"
" 150169992","BYCZE—","Nysa K≥odzka (12)","00470"
" 150170060","NYSA","Nysa K≥odzka (12)","00480"
" 150170100","KOPICE","Nysa K≥odzka (12)","00481"
" 150170140","SKOROGOSZCZ","Nysa K≥odzka (12)","00490"
" 150160210","WILKAN”W","Wilczka (1212)","00500"
" 150160150","BYSTRZYCA K£ODZKA","Bystrzyca (1214)","00510"
" 150160230","L•DEK-ZDR”J","Bia≥a Lπdecka (1216)","00520"
" 150160200","ØELAZNO","Bia≥a Lπdecka (1216)","00530"
" 150160260","BOLES£AW”W","Morawka (12162)","00540"
" 150160240","BOLES£AW”W","Kamienica (121624)","00550"
" 150160110","SZALEJ”W DOLNY","Bystrzyca Dusznicka (1218)","00560"
" 150160080","T£UMACZ”W","åcinawka (122)","00570"
" 150160100","GORZUCH”W","åcinawka (122)","00580"
" 150160270","KAMIENIEC Z•BKOWICKI","BudzÛwka (1232)","00590"
" 150170070","G£UCHO£AZY","Bia≥a G≥ucho≥aska (1258)","00600"
" 150170050","BIA£A NYSKA","Bia≥a G≥ucho≥aska (1258)","00601"
" 150170120","NIEMODLIN","åcinawa NiemodliÒska (128)","00610"
" 150189997","WIERZCHY","Stobrawa (132)","00620"
" 150189998","WIERZCHY","M≥ynÛwka (13212)","00621"
" 150170150","KAR£OWICE","Stobrawa (132)","00625"
" 150179996","WAPIENNIKI","Stobrawa (132)","00630"
" 150170200","DOMARADZ","Bogacica (1324)","00640"
" 150170210","KRZYWA G”RA","Budkowiczanka (1328)","00650"
" 150179999","OSINA MA£A","O≥awa (1334)","00655"
" 150170010","ZBOROWICE","O≥awa (1334)","00656"
" 150170030","O£AWA","O≥awa (1334)","00660"
" 150179998","PRZEWORNO","Krynka (13342)","00670"
" 150170020","KARSZ”WEK","Krynka (13342)","00672"
" 150160250","BIA£OBRZEZIE","ålÍza (1336)","00680"
" 150160280","BOR”W","ålÍza (1336)","00690"
" 151160230","åL ZA","ålÍza (1336)","00695"
" 151160210","WROC£AW-ØERNIKI","ålÍza (1336)","00700"
" 150169991","BOR”W","Ma≥a ålÍza (13364)","00710"
" 150160060","JUGOWICE","Bystrzyca (134)","00720"
" 150160070","LUBACH”W","Bystrzyca (134)","00730"
" 150160120","KRASK”W","Bystrzyca (134)","00740"
" 150160160","MIETK”W","Bystrzyca (134)","00741"
" 151160190","JARNO£T”W","Bystrzyca (134)","00750"
" 150160140","DZIERØONI”W","Pi≥awa (1344)","00751"
" 150160130","MOåCISKO","Pi≥awa (1344)","00760"
" 150169994","PIESZYCE","Pieszycki Potok (13444)","00770"
" 150160290","GNIECHOWICE","Czarna Woda (1346)","00780"
" 150160030","CHWALISZ”W","Strzegomka (1348)","00781"
" 150169995","DOBROMIERZ","Strzegomka (1348)","00790"
" 150160090","£AØANY","Strzegomka (1348)","00800"
" 151160180","BOGDASZOWICE","Strzegomka (1348)","00802"
" 150160050","WA£BRZYCH-PODG”RZE","Pe≥cznica (13486)","00805"
" 150160020","åWIEBODZICE","Pe≥cznica (13486)","00810"
" 151170100","MICHALICE","Widawa (136)","00820"
" 151170090","NAMYS£”W","Widawa (136)","00822"
" 151170050","ZBYTOWA","Widawa (136)","00830"
" 151179999","PSIE POLE","Widawa (136)","00840"
" 151170020","WROC£AW-SO£TYSOWICE","Widawa (136)","00850"
" 151170010","KRZYØANOWICE","Widawa (136)","00851"
" 151179993","BOGUS£AWICE","Ciesielska Woda (136384)","00855"
" 151169995","CHE£M","Cicha Woda (1378)","00860"
" 151150170","åWIERZAWA","Kaczawa (138)","00870"
" 151160020","RZYM”WKA","Kaczawa (138)","00880"
" 151160050","DUNINO","Kaczawa (138)","00890"
" 151160100","PI•TNICA","Kaczawa (138)","00891"
" 151169998","P•TN”W","Kaczawa (138)","00895"
" 151160120","PROCHOWICE","Kaczawa (138)","00898"
" 150169996","BOLK”W","Nysa Szalona (1384)","00901"
" 151160090","JAWOR","Nysa Szalona (1384)","00902"
" 151160070","WINNICA","Nysa Szalona (1384)","00910"
" 151160040","BUKOWNA","Czarna Woda (1386)","00920"
" 151160080","RZESZOTARY","Czarna Woda (1386)","00922"
" 151150160","ZAGRODNO","Skora (13866)","00930"
" 151150180","CHOJN”W","Skora (13866)","00940"
" 151169997","KUNICE","Wierzbiak (1388)","00950"
" 151169996","åCINAWA","Zimnica (1392)","00960"
" 151170070","ODOLAN”W","Barycz (14)","00970"
" 151179997","MILICZ","Barycz (14)","00980"
" 151170040","£•KI","Barycz (14)","00990"
" 151179998","£•KI","Kana≥ M≥yÒski (14672)","00991"
" 151160140","OSETNO","Barycz (14)","01000"
" 151170080","ODOLAN”W","Kuroch (1414)","01010"
" 151179992","åWIECA","Z≥otnica (1416)","01020"
" 151170060","BOGDAJ","Polska Woda (142)","01030"
" 151160220","KANCLERZOWICE","Sπsiecznica (144)","01040"
" 151179996","KUKLIN”W","Orla (146)","01041"
" 151160200","KORZE—SKO","Orla (146)","01050"
" 151179994","KANIEW","Orlanka (14616)","01052"
" 151179995","SKA£”W","Orlanka (14616)","01054"
" 151160160","RYDZYNA","Polski RÛw (148)","01060"
" 151169999","CHOCIEMYåL","Krzycki RÛw (154)","01070"
" 151160030","RADZY—","Jez. S≥awskie (15619)","01071"
" 151160260","S£AWA åL•SKA","Czernica (15612)","01073"
" 151150190","LUBIAT”W","Obrzyca (156)","01080"
" 152150170","SMOLNO WIELKIE","Obrzyca (156)","01090"
" 151160250","RADZY—","RadzyÒska Struga (15614)","01095"
" 151160010","KUèNICA G£OGOWSKA","Cienica (15616)","01100"
" 151160110","OS£ONIN","Jez. Os≥oniÒskie-GÛrskie (1564872)","01102"
" 152159997","WOJNOWO","Gni≥a Obra (1568)","01110"
" 152150060","PRZE£AZY","Jez. Nies≥ysz (1581)","01111"
" 152150260","NIESULICE","O≥obok (158)","011111"
" 150159998","OPAWA","BÛbr (16)","01112"
" 150150120","BUK”WKA","BÛbr (16)","01120"
" 150150130","B£AØKOWA","BÛbr (16)","01121"
" 150160010","KAMIENNA G”RA","BÛbr (16)","01130"
" 150169999","S DZIS£AW","BÛbr (16)","01131"
" 150150100","WOJAN”W","BÛbr (16)","01140"
" 150150080","JELENIA G”RA","BÛbr (16)","01150"
" 150150060","PILCHOWICE","BÛbr (16)","01160"
" 151150140","D•BROWA BOLES£AWIECKA","BÛbr (16)","01170"
" 151150120","SZPROTAWA","BÛbr (16)","01180"
" 151150080","ØAGA—","BÛbr (16)","01190"
" 151150050","DOBROSZ”W WIELKI","BÛbr (16)","01191"
" 151150040","NOWOGR”D BOBRZA—SKI","BÛbr (16)","01193"
" 152150020","STARY RADUSZEC","BÛbr (16)","01195"
" 150159997","MISZKOWICE","Z≥otna (161152)","01200"
" 150159996","B£AØKOWA","åwidnik (1612)","01210"
" 150169997","KRZESZ”W","Zadrna (1614)","01220"
" 150169998","JACZK”W","Lesk (1616)","01230"
" 150150090","£OMNICA","£omnica (1618)","01240"
" 150150110","KOWARY","Jedlica (16188)","01250"
" 150150030","JAKUSZYCE","Kamienna (162)","01260"
" 150150050","PIECHOWICE","Kamienna (162)","01270"
" 150150070","JELENIA G”RA","Kamienna (162)","01280"
" 150159999","CIEPLICE åL•SKIE","WrzosÛwka (1628)","01281"
" 150150190","PODG”RZYN","PodgÛrna (16288)","01284"
" 150150200","SOSN”WKA","Soúniak (16288832)","01286"
" 150150040","BARCINEK","Kamienica (1632)","01290"
" 151159997","D•BROWA BOLES£AWIECKA","Bobrzyca (1638)","01294"
" 151159996","PARCH”W","Szprotawa (164)","01296"
" 151150130","SZPROTAWA","Szprotawa (164)","01300"
" 150150010","MIRSK","Kwisa (166)","01310"
" 151150110","GRYF”W åL•SKI","Kwisa (166)","01315"
" 151150060","LEåNA","Kwisa (166)","01320"
" 151150100","NOWOGRODZIEC","Kwisa (166)","01330"
" 151150090","£OZY","Kwisa (166)","01340"
" 150150020","MIRSK","Czarny Potok (16632)","01350"
" 151159998","KOWALICE","Czerna Wielka (168)","01360"
" 151150070","ØAGA—","Czerna Wielka (168)","01370"
" 151150030","I£OWA","Czerna Ma≥a (1686)","01380"
" 150140010","PORAJ”W","Nysa £uøycka (174)","01390"
" 150140020","SIENIAWKA","Nysa £uøycka (174)","01400"
" 151140060","ZGORZELEC","Nysa £uøycka (174)","01410"
" 151140040","PRZEW”Z","Nysa £uøycka (174)","01420"
" 151140010","GUBIN","Nysa £uøycka (174)","01430"
" 150140100","BOGATYNIA","Miedzianka (17416)","01435"
" 150140030","TUROSZ”W","Miedzianka (17416)","01440"
" 151150020","OSTR”ØNO","Witka (1742)","01450"
" 151149999","NIED”W","Witka (1742)","01460"
" 151140050","R CZYN","Witka (1742)","01470"
" 151150010","ZGORZELEC","Czerwona Woda (1744)","01480"
" 151159999","MIKU£OWA","W≥osienica (17446)","01490"
" 151140030","PRZEWOèNIKI","Skroda (1746)","01500"
" 151140020","PLEåNO","Lubsza (1748)","01510"
" 152140110","S•D”W","Pliszka (176)","01520"
" 152140080","MACZK”W","Ilanka (178)","01530"
" 150190240","KR CIWILK","Warta (18)","01540"
" 150190200","LGOTA NADWARCIE","Warta (18)","01545"
" 150190150","PORAJ","Warta (18)","01550"
" 150199995","KORWIN”W","Warta (18)","01560"
" 150190220","MST”W","Warta (18)","01570"
" 151190060","BOBRY","Warta (18)","01580"
" 151180130","DZIA£OSZYN","Warta (18)","01590"
" 151180100","OSJAK”W","Warta (18)","01591"
" 151180120","BURZENIN","Warta (18)","01600"
" 151180080","SIERADZ","Warta (18)","01610"
" 151189995","WARTA","Warta (18)","01612"
" 151189993","KSI ØE M£YNY","Warta (18)","01615"
" 151180110","UNIEJ”W","Warta (18)","01616"
" 152180120","KO£O","Warta (18)","01618"
" 152189998","KONIN","Warta (18)","01620"
" 152180050","S£AWSK","Warta (18)","01621"
" 152170130","L•D","Warta (18)","01623"
" 152170080","PYZDRY","Warta (18)","01625"
" 152170060","NOWA WIEå PODG”RNA","Warta (18)","01630"
" 152170010","åREM","Warta (18)","01631"
" 152160140","POZNA—-MOST ROCHA","Warta (18)","01640"
" 152160100","OBORNIKI","Warta (18)","01650"
" 152160050","WRONKI","Warta (18)","01660"
" 152150200","MI DZYCH”D","Warta (18)","01661"
" 152150110","SKWIERZYNA","Warta (18)","01670"
" 152150070","BOREK","Warta (18)","01675"
" 152150080","SANTOK","Warta (18)","01677"
" 152150040","GORZ”W WIELKOPOLSKI","Warta (18)","01680"
" 152150010","åWIERKOCIN","Warta (18)","01681"
" 152140070","KOSTRZYN NAD ODR•","Warta (18)","01682"
" 150180210","NIWKI","Liswarta (1816)","01690"
" 151189991","ZAWADY","Liswarta (1816)","01700"
" 151190010","KULE","Liswarta (1816)","01710"
" 151199999","KUèNICA","Kocinka (18168)","01720"
" 151180090","NIECHMIR”W","Oleúnica (1818)","01730"
" 151190050","S£OK","Widawka (182)","01740"
" 151190020","SZCZERC”W","Widawka (182)","01750"
" 151180170","ROG”èNO","Widawka (182)","01760"
" 151180140","PODG”RZE","Widawka (182)","01770"
" 151190030","£ASK","Grabia (1828)","01780"
" 151180180","GRABNO","Grabia (1828)","01790"
" 151180150","WIDAWA","Nieciecz (18292)","01800"
" 151189992","ROØDØA£Y","Pichna (183178)","01810"
" 151189994","P CZNIEW","Pichna (183178)","01820"
" 151199998","CHOCIANOWICE","Ner (1832)","01830"
" 151190040","LUTOMIERSK","Ner (1832)","01832"
" 151180160","PODD BICE","Ner (1832)","01836"
" 152180150","D•BIE","Ner (1832)","01840"
" 152180140","GRZEGORZEW","Rgilewka (18332)","01845"
" 152180110","KOåCIELEC","Kie≥baska (18334)","01850"
" 152189994","GAWRONY","Kana≥ ålesiÒski (1834)","01854"
" 152189995","åLESIN","Jez. MikorzyÒskie (183459)","01856"
" 152189997","P•TN”W","Kana≥ ålesiÒski (1834)","01858"
" 152180160","KONIN-MORZYS£AW","Kana≥ ålesiÒski (1834)","01859"
" 152180060","POSOKA","Powa (18352)","01860"
" 152170150","TR•BCZYN","BawÛ≥ (18356)","01870"
" 152170140","POWIDZ","Jez. Powidzkie (183619)","01871"
" 152170160","KOSEWO","Dop≥yw z jez. Kosewskiego (183616)","01872"
" 152170190","KOCHOWO","Meszna (1836)","01873"
" 152179992","K•TY","Meszna (1836)","01880"
" 152170120","SAMARZEWO","Wrzeúnica (1838)","01890"
" 151180070","GORZ”W åL•SKI","Prosna (184)","01900"
" 151180040","MIRK”W","Prosna (184)","01910"
" 151180020","PIWONICE","Prosna (184)","01920"
" 151170110","BOGUS£AW","Prosna (184)","01930"
" 152179993","ROBAK”W","Prosna (184)","01940"
" 151189998","OPAT”W","Pomianka (18418)","01950"
" 151180030","KUèNICA SKAKAWSKA","NiesÛb (1842)","01960"
" 151180060","KRASZEWICE","£uøyca (18438)","01970"
" 151180010","O£OBOK","O≥obok (1844)","01980"
" 151189997","TROJAN”W","TrojanÛwka (1846)","01990"
" 151180050","D BE","SwÍdrnia (18482)","02000"
" 151189999","KALISZ","SwÍdrnia (18482)","02001"
" 151189996","PLEWNIA","Øabianka (184824)","02010"
" 152179994","RASZEWY","Lutynia (1852)","02020"
" 152179996","BRODOWO","Moskawa (1854)","02030"
" 152170170","åREM-JEZIORO","Jez. Grzymis≥awskie (185541)","02034"
" 152160090","KOåCIAN","Kana≥ MosiÒski (1856)","02040"
" 152160130","MOSINA","Kana≥ MosiÒski (1856)","02050"
" 152160060","KONOJAD","Mogilnica (18568)","02060"
" 152169999","DYMACZEWO STARE","Samica StÍszewska (185696)","02070"
" 152169998","JEZIORY","Jez. GÛreckie (185696722)","02071"
" 152160150","G£USZYNA","Kopel (18574)","02080"
" 152170020","ANTONINEK","Cybina (1858)","02090"
" 152170050","IMIO£KI","Jez. Lednica (1859219)","02091"
" 152170030","WIERZENICA","G≥Ûwna (18592)","02100"
" 152179995","JANOWIEC WIELKOPOLSKI","We≥na (186)","02101"
" 152170040","PRUåCE","We≥na (186)","02110"
" 152160110","KOWAN”WKO","We≥na (186)","02120"
" 152170180","W•GROWIEC","Jez. Durowo (18647)","02128"
" 152179997","W•GROWIEC","Go≥aniecka Struga (1864)","02130"
" 152179999","POTULICE","Rudka (18658)","02140"
" 152179998","OWCZE G£OWY","Ma≥a We≥na (1866)","02150"
" 152160120","RYCZYW”£","Flinta (1868)","02160"
" 152160170","POZNA—-KIEKRZ","Jez. Kierskie (1871239)","02162"
" 152160080","SZAMOTU£Y","Sama (1872)","02170"
" 152160040","CHRZYPSKO WIELKIE","Jez. Chrzypskie (187439)","02172"
" 152150160","LUBIKOWO","Jez. Lubikowskie (1877879)","02174"
" 152159996","KOPANICA","Obra (1878)","02180"
" 152150210","N•DNIA","Jez. ZbπszyÒskie (187857)","02181"
" 152150270","ZB•SZY—","Jez. ZbπszyÒskie (187857)","02185"
" 152150220","ZB•SZY—","Obra (1878)","02190"
" 152159998","MI DZYRZECZ","Obra (1878)","02191"
" 152150100","BLEDZEW","Obra (1878)","02200"
" 152160030","OBRA","Dojca (18782)","02210"
" 152160020","S POLNO","Czarna Woda (187872)","02220"
" 152150120","MI DZYRZECZ","Paklica (18788)","02230"
" 152180100","£YSEK","NoteÊ (188)","02240"
" 152180090","NO∆ KALINA","NoteÊ (188)","02250"
" 152180170","POPOWO","Jez. Gop≥o (18817999)","022501"
" 152180080","KRUSZWICA","Jez. Gop≥o (18817999)","02251"
" 152180030","PAKOå∆","NoteÊ (188)","02260"
" 153179993","CHOBIELIN","NoteÊ (188)","02280"
" 153170100","NAK£O-ZACH”D","NoteÊ (188)","02282"
" 153170010","BIA£OåLIWIE","NoteÊ (188)","02286"
" 153160170","UJåCIE 1","NoteÊ (188)","02290"
" 153160160","UJåCIE 2","NoteÊ (188)","02300"
" 152160070","CZARNK”W","NoteÊ (188)","02301"
" 152160010","KRZYØ","NoteÊ (188)","02310"
" 152150190","NOWE DREZDENKO","NoteÊ (188)","02320"
" 152150140","GOåCIMIEC","NoteÊ (188)","023204"
" 152150090","SANTOK","NoteÊ (188)","023206"
" 152180070","PILICH","Dop≥yw spod Kuúnierza (1881414)","02321"
" 152179991","SKORZ CIN","Jez. NiedziÍgiel (1882119)","02322"
" 152180010","G BICE","Ma≥a NoteÊ (1882)","02330"
" 152189999","JANIKOWO","Jez. Pakoskie Pn. (1882919)","02331"
" 152179990","MOGILNO","Panna (18826)","02340"
" 152179989","MOGILNO","Jez. MogileÒskie (1882679)","02345"
" 152180020","GORYSZEWO","Panna (18826)","02350"
" 152170100","BISKUPIN","Jez. BiskupiÒskie (18836179)","02351"
" 152170090","ØNIN","Gπsawka (18836)","02360"
" 152170110","ØNIN","Jez. ØniÒskie Duøe (18836519)","02361"
" 153179992","ZAZDROå∆","Gπsawka (18836)","02370"
" 153179991","RYNARZEWO","Gπsawka (18836)","02371"
" 152170070","BRZYSKORZYSTEW","Pomorka (188366)","02380"
" 153170040","WYRZYSK","£obøonka (1884)","02390"
" 152160180","CHODZIEØ","Jez. Chodzieskie (188583)","023908"
" 153160120","WIERZCHOWO","Jez. Wierzchowo (1886119)","02391"
" 153169995","SPORE","Gwda (1886)","02400"
" 153160300","WIELIMIE","Jez. Wielimie (1886159)","02403"
" 153160200","GWDA WIELKA","Gwda (1886)","02410"
" 153169992","PODGAJE","Gwda (1886)","02411"
" 153160210","PTUSZA","Gwda (1886)","02420"
" 153169994","DOBRZYCA","Gwda (1886)","02430"
" 153160180","PI£A","Gwda (1886)","02440"
" 153160100","CIEMINO","Jez. Ciemino (18861411)","02441"
" 153160090","K•DZIELNIA","Nizica (188614)","02442"
" 153169996","JANOWO","Nizica (188614)","02450"
" 153160150","SZCZECINEK","Nizica (188614)","02460"
" 153160220","D£UGIE","Jez. Do≥gie (188617239)","02461"
" 153160260","CZARNE","Czernica (18862)","02470"
" 153160250","OKONEK","Czarna (188654)","02480"
" 153160140","DZIKI","Jez. Remierzewo (18865811)","02481"
" 153169993","P£YTNICA","Plitnica (188658)","02490"
" 153160050","SIKORY","Jez. Komorze (1886611)","02491"
" 153160290","KOMORZE","Jez. Komorze (1886611)","02492"
" 153160270","RAKOWO","Pi≥awa (18866)","02493"
" 153160070","NADARZYCE","Pi≥awa (18866)","02500"
" 153160190","ZABRODZIE","Pi≥awa (18866)","02510"
" 153160110","WIESI”£KA","Dobrzyca (188668)","02520"
" 153160060","NAKIELNO","Jez. BytyÒ Wielki (18866881)","02521"
" 153160230","DOBRZYCA","G≥omia (18868)","02530"
" 153170160","WIKTOR”WKO","Kocunia (188686)","02533"
" 153170020","BUNTOWO","Jez. S≥awianowskie (18868679)","02535"
" 153170150","S£AWIANOWO","Kocunia (188686)","02537"
" 153160130","STOBNO","KrÍpica (18872)","02540"
" 153160280","SMOLARNIA","Jez. StraduÒ (188785)","02546"
" 153160030","STARE DRAWSKO","Drawa (1888)","02550"
" 153160040","CZAPLINEK","Jez. Drawsko (188839)","02551"
" 153169998","RZEPOWO","Drawa (1888)","02560"
" 153169999","G£ BOCZEK","Jez. Krosino (1888513)","02561"
" 153150120","DRAWSKO POMORSKIE","Drawa (1888)","02570"
" 153150140","LUBIESZEWO","Jez. Lubie (18885359)","02571"
" 153150110","BOROWO","Drawa (1888)","02572"
" 153150100","DRAWNO","Drawa (1888)","02580"
" 153159997","KAMIENNA","Drawa (1888)","02590"
" 152150240","DRAWINY","Drawa (1888)","02600"
" 153160010","CIESZYNO","Jez. Siecino (18885223)","02601"
" 153150130","M•KOWARY","Jez. Mπkowarskie (1888587)","02602"
" 153150180","PUSTELNIA","P≥ociczna (188878)","02603"
" 153150160","WYSPA POKRZYWKA","Jez. Ostrowite (1888785)","02604"
" 153150150","G£USKO","Kana≥ G≥uchy (18887892)","02605"
" 153150170","DREWNIANY MOST","P≥ociczna (188878)","02606"
" 152150150","£UGI","Jez. Osiek (18888399)","02608"
" 152150180","MIERZ CIN","MierzÍcka Struga (18888)","02610"
" 152150230","CHE£ST","Mia≥a (18892)","02620"
" 152150280","GOåCIM ZHP","Jez. Gostomie (188964)","02624"
" 152150030","RUDNICA","Lubniewka (18962)","02630"
" 152159999","KRZESZYCE","Postomia (18964)","02640"
" 152140120","MYåLIB”RZ","Myúla (1912)","02650"
" 152140100","DOLSK","Myúla (1912)","02660"
" 152140040","KURZYCKO","Kurzyca (1914)","02662"
" 152140280","PRZYJEZIERZE-LAS","S≥ubia (1916)","02665"
" 152140030","PRZYJEZIERZE","Jez. Morzycko (19167)","02666"
" 152140270","MORY—","S≥ubia (1916)","02668"
" 153149999","Ø”RAWIE","Tywa (1932)","02670"
" 153159999","KLUKI","Jez. P≥oÒ (197639)","02671"
" 153140110","OKUNICA","P≥onia (1976)","02680"
" 153149998","ZIELENIEWO","Jez. Miedwie (1976799)","02681"
" 153140200","MORZYCZYN","Jez. Miedwie (1976799)","02681"
" 153140100","ØELEWO","P≥onia (1976)","02690"
" 153159998","RECZ POMORSKI","Ina (198)","02700"
" 153150010","STARGARD SZCZECI—SKI","Ina (198)","02710"
" 153140090","GOLENI”W","Ina (198)","02720"
" 153150060","I—SKO","Jez. IÒsko (198219)","02721"
" 153150020","MORZYCA","Ma≥a Ina (1986)","02730"
" 153150040","GOGOLEWO","Krπpiel (1988)","02740"
" 153140080","WIDZIE—SKO","Gowienica (314)","02750"
" 153140060","WOLIN","Cieúnina Dziwna (35)","02756"
" 153150090","GOLA DOLNA","Rega (42)","02760"
" 153150080","£OBEZ","Rega (42)","02770"
" 153150050","RESKO","Rega (42)","02780"
" 154150010","TRZEBIAT”W","Rega (42)","02790"
" 153150030","KULICE","SπpÛlna (4268)","02800"
" 153150070","DROZDOWO","DÍbosznica (432168)","02810"
" 154159999","SARBIA","DÍbosznica (432168)","02820"
" 154150020","DèWIRZYNO","Jez. Resko Przymorskie (432199)","02821"
" 153160080","STORKOWO","ParsÍta (44)","02825"
" 153169997","STARY CHWALIM","ParsÍta (44)","02830"
" 153160020","TYCH”WKO","ParsÍta (44)","02840"
" 154150050","BIA£OGARD","ParsÍta (44)","02850"
" 154150040","BARDY","ParsÍta (44)","02860"
" 154160080","CYBULINO","Radew (448)","02865"
" 154169999","KUROWO","Radew (448)","02870"
" 154160020","BIA£OG”RZYNO","Radew (448)","02880"
" 154159998","KARLINO","Radew (448)","02890"
" 153160240","B£OGOWO","Jez. BobiÍciÒskie Wielkie (46444419)","02891"
" 154169998","CYBULINO","DrÍønianka (44816)","02900"
" 154159997","BORKOWICE","Czerwona (454)","02910"
" 154160010","UNIEåCIE","Jez. Jamno (4561999)","02911"
" 154160030","KOSZALIN","DzierøÍcinka (45614)","02920"
" 154160040","SIAN”W","UnieúÊ (45618)","02930"
" 154160050","BUKOWO MORSKIE","Jez. Bukowo (458199)","02931"
" 154170040","KWISNO","Wieprza (46)","02940"
" 154169994","BROCZYNA","Wieprza (46)","02950"
" 154160120","KORZYBIE","Wieprza (46)","02960"
" 154169997","S£AWNO","Wieprza (46)","02970"
" 154160070","STARY KRAK”W","Wieprza (46)","02980"
" 154179999","KWISNO","Doszenica (4616)","02990"
" 154169995","BROCZYNA","Broczynka (4634)","03000"
" 154160130","CIECHOLUB","Studnica (464)","03010"
" 154160100","PIESZCZ","Moszczeniczka (4672)","03020"
" 154169996","POLAN”W","Grabowa (468)","03030"
" 154160090","KR•G","Grabowa (468)","03040"
" 154160060","GRABOWO","Grabowa (468)","03050"
" 154170170","GOWIDLINO","Jez. GowidliÒskie (472139)","03056"
" 154170120","SOSZYCA","S≥upia (472)","03060"
" 154170070","GA£•èNIA MA£A","S≥upia (472)","03070"
" 154170010","S£UPSK","S≥upia (472)","03080"
" 154160140","CHARNOWO","S≥upia (472)","03090"
" 154179992","SULECKI BOREK","Sucha (4721552)","03091"
" 154179996","JELE—","Jez. JeleÒ (472260)","03092"
" 154179997","JUTRZENKA","Kamionka (47246)","03100"
" 154170030","SKARSZ”W DOLNY","Skotawa (4726)","03110"
" 154170020","KR PA","Glaüna (4728)","03120"
" 154170140","JASIE—","Jez. JasieÒ Pd. (47413)","03121"
" 154170230","OBROWO","£upawa (474)","03122"
" 154170150","ZAWIATY","£upawa (474)","03130"
" 154170080","£UPAWA","£upawa (474)","03140"
" 154179998","DAMNO","£upawa (474)","03150"
" 154170060","SMO£DZINO","£upawa (474)","03160"
" 154170050","GARDNA WIELKA","Jez. Gardno (474799)","03161"
" 154179994","KOZIN","Bukowina (4742)","03170"
" 154180020","MI£OSZEWO","£eba (476)","03180"
" 154179993","L BORK 1","£eba (476)","03190"
" 154170160","L BORK 2","£eba (476)","03200"
" 154170110","CECENOWO","£eba (476)","03210"
" 154170090","IZBICA","Jez. £ebsko (476799)","03211"
" 154170210","KLUKI","Jez. £ebsko (476799)","03212"
" 154170220","R•BKA","Jez. £ebsko (476799)","03213"
" 154170130","POGORZELICE","Pogorzelica (4764)","03220"
" 154179995","£EBA","Jez. Sarbsko (4769279)","03221"
" 154180050","WARSZKOWSKI M£YN","Piaúnica (4772)","03230"
" 154189999","WIERZCHUCINO","Bychowska Struga (47724)","03240"
" 154189996","SMOLNO","Gizdepka (4776)","03250"
" 154180030","ZAMOSTNE","Reda (478)","03260"
" 154180080","WEJHEROWO","Reda (478)","03270"
" 154189997","BAR£OMINO","Bolszewka (4784)","03280"
" 154180070","BOLSZEWO","Bolszewka (4784)","03290"
" 154189993","GDYNIA-OR£OWO","Kacza (4798)","03300"
" 150160040","KUDOWA-ZDR”J-ZAKRZE","Klikawa (946)","03310"
" 149180200","WIS£A-CZARNE","Wis≥a (2)","10002"
" 149180180","WIS£A-CZARNE","Bia≥a Wise≥ka (2111152)","10004"
" 149180160","WIS£A-CZARNE","Wis≥a (2)","10006"
" 149180140","WIS£A","Wis≥a (2)","10010"
" 149180110","USTRO—-OB£AZIEC","Wis≥a (2)","10020"
" 149180100","SKOCZ”W","Wis≥a (2)","10030"
" 149180080","DROGOMYåL","Wis≥a (2)","10032"
" 149180190","GOCZA£KOWICE II","Wis≥a (2)","10035"
" 149180210","ZABRZEG","Wis≥a (2)","10036"
" 149180240","GOCZA£KOWICE","Wis≥a (2)","10040"
" 149190060","JAWISZOWICE","Wis≥a (2)","10050"
" 150190140","BIERU— NOWY","Wis≥a (2)","10060"
" 150190170","PUSTYNIA","Wis≥a (2)","10070"
" 150199992","DWORY","Wis≥a (2)","10080"
" 150190230","GROMIEC","Wis≥a (2)","10090"
" 150190360","LAS","Wis≥a (2)","10092"
" 150190260","SMOLICE","Wis≥a (2)","10100"
" 149190230","CZERNICH”W-PROM","Wis≥a (2)","10105"
" 150199986","TYNIEC","Wis≥a (2)","10110"
" 150190340","KRAK”W-BIELANY","Wis≥a (2)","10111"
" 150209996","PLESZ”W","Wis≥a (2)","10120"
" 150200060","SIEROS£AWICE","Wis≥a (2)","10130"
" 150200100","POP DZYNKA","Wis≥a (2)","10140"
" 150200130","JAGODNIKI","Wis≥a (2)","10150"
" 150200150","KARSY","Wis≥a (2)","10160"
" 150210020","SZCZUCIN","Wis≥a (2)","10170"
" 150210150","KO£O","Wis≥a (2)","10180"
" 150210170","SANDOMIERZ","Wis≥a (2)","10190"
" 150210190","ZAWICHOST","Wis≥a (2)","10200"
" 150210180","ANNOPOL","Wis≥a (2)","10210"
" 151210170","PU£AWY","Wis≥a (2)","10220"
" 151210190","PU£AWY-AZOTY","Wis≥a (2)","10222"
" 151210120","D BLIN","Wis≥a (2)","10230"
" 151210050","GUSIN","Wis≥a (2)","10240"
" 151210210","KR”LEWSKI LAS","Wis≥a (2)","10245"
" 152210040","WARSZAWA-NADWILAN”WKA","Wis≥a (2)","10250"
" 152210010","WARSZAWA","Wis≥a (2)","10260"
" 152210170","WARSZAWA-BULWARY","Wis≥a (2)","102605"
" 152200110","MODLIN","Wis≥a (2)","10261"
" 152200150","WYCH”DèC","Wis≥a (2)","102611"
" 152200030","WYSZOGR”D","Wis≥a (2)","10262"
" 152190120","K PA POLSKA","Wis≥a (2)","10270"
" 152199995","P£OCK","Wis≥a (2)","10280"
" 152190030","W£OC£AWEK","Wis≥a (2)","10290"
" 152189993","SILNO","Wis≥a (2)","10291"
" 153180090","TORU—","Wis≥a (2)","10300"
" 153180020","FORDON","Wis≥a (2)","10302"
" 153180080","CHE£MNO","Wis≥a (2)","10303"
" 153180100","GRUDZI•DZ","Wis≥a (2)","10304"
" 153189995","M•TOWSKI CYPEL","Wis≥a (2)","10306"
" 154180150","TCZEW","Wis≥a (2)","10310"
" 154189992","GNIAZDOWO","Wis≥a (2)","10311"
" 154180220","GDA—SKA G£OWA","Wis≥a (2)","10312"
" 154180190","GDA—SK-PRZEGALINA","Wis≥a (2)","10313"
" 154180200","GDA—SK-åWIBNO","Wis≥a (2)","10314"
" 154180210","GDA—SK-UJåCIE WIS£Y","Wis≥a (2)","103143"
" 153189994","M•TOWSKI CYPEL","Nogat (52)","10315"
" 154190040","NOWOTKI","Nogat (52)","10316"
" 154189991","GDA—SKA G£OWA","Szkarpawa (514)","10317"
" 154190020","TUJSK","Szkarpawa (514)","10318"
" 154180160","GDA—SK-SOBIESZEWO","Martwa Wis≥a (48)","10320"
" 154180170","WIåLINA","Mot≥awa (486)","10321"
" 154180180","SUCHY D•B","Bielawa (4864)","103213"
" 149180120","G”RKI WIELKIE","Brennica (21114)","10322"
" 149180170","BRENNA-STAWY","Leúnica (211146)","10324"
" 149180150","BRENNA-LEåNICA","Leúnica (211146)","10326"
" 149180250","CZECHOWICE-DZIEDZICE","I≥ownica (2112)","10330"
" 149180230","PODK PIE","Wapienica (21128)","10340"
" 149190030","MIKUSZOWICE","Bia≥a (2114)","10350"
" 149199999","BIELSKO-BIA£A","Bia≥a (2114)","10360"
" 149190010","CZECHOWICE-BESTWINA","Bia≥a (2114)","10370"
" 149180090","MIZER”W-BORKI","Pszczynka (2116)","10378"
" 149180220","PSZCZYNA","Pszczynka (2116)","10380"
" 150199999","MI DZYRZECZE","Pszczynka (2116)","10390"
" 150189990","JANKOWICE","Dokawa (21166)","10391"
" 150190020","JANKOWICE-GROBLA","Dokawa (21166)","10400"
" 150190040","MI DZYRZECZE","Korzenica (21168)","10410"
" 150189989","PAPROCANY","Gostynia (2118)","10420"
" 150190060","BOJSZOWY","Gostynia (2118)","10430"
" 150190050","BIERU— STARY","Mleczna (21188)","10440"
" 150190190","PIWO—","Przemsza (212)","10450"
" 150190120","PRZECZYCE","Przemsza (212)","10460"
" 150190130","£AGISZA","Przemsza (212)","10461"
" 150199996","B DZIN","Przemsza (212)","10470"
" 150190080","RADOCHA","Przemsza (212)","10480"
" 150190180","JELE—","Przemsza (212)","10490"
" 150199994","CHE£MEK","Przemsza (212)","10500"
" 150190210","KUèNICA SULIKOWSKA","MitrÍga (2122)","10510"
" 150190090","D•BROWA G”RNICZA","Pogoria (21258)","10520"
" 150190010","BRYNICA","Brynica (2126)","10530"
" 150180270","KOZ£OWA G”RA","Brynica (2126)","10531"
" 150180260","NAMIARKI","Brynica (2126)","10540"
" 150190030","CZELADè","Brynica (2126)","10550"
" 150199997","SOSNOWIEC","Brynica (2126)","10560"
" 150190070","SZABELNIA","Brynica (2126)","10570"
" 150199998","SZOPIENICE","Rawa (21268)","10580"
" 150190270","GOLCZOWICE","Bia≥a Przemsza (2128)","10590"
" 150199988","B£ D”W","Bia≥a Przemsza (2128)","10600"
" 150190250","S£AWK”W","Bia≥a Przemsza (2128)","10610"
" 150199993","MACZKI","Bia≥a Przemsza (2128)","10620"
" 150190100","NIWKA","Bia≥a Przemsza (2128)","10630"
" 150199990","RYSZKA","Szto≥a (21284)","10640"
" 150199991","SZCZAKOWA","Kozi BrÛd (21286)","10650"
" 150190110","NIWKA","Bobrek (21288)","10660"
" 149199998","S”L","So≥a (2132)","10670"
" 149190050","RAJCZA","So≥a (2132)","10680"
" 149190080","CI CINA","So≥a (2132)","10690"
" 149190100","ØYWIEC","So≥a (2132)","10700"
" 149190110","MI DZYBRODZIE BIALSKIE","Zb. Porπbka (21329399)","10705"
" 149199994","POR•BKA","So≥a (2132)","10710"
" 149190120","CZANIEC-KOBIERNICE","So≥a (2132)","10715"
" 150190160","OåWI CIM","So≥a (2132)","10720"
" 149199996","RYCERKA DOLNA","Rycerka (213218)","10730"
" 149190040","UJSO£Y","Woda Ujsolska (21322)","10740"
" 149199995","UJSO£Y","Cicha (213224)","10750"
" 149190020","KAMESZNICA","Bystra (213232)","10760"
" 149190090","ØABNICA","Øabniczanka (213234)","10770"
" 149199997","LIPOWA","Leúnianka (213238)","10780"
" 149199993","JELEåNIA","Koszarawa (21324)","10790"
" 149190150","PEWEL MA£A","Koszarawa (21324)","10800"
" 149190070","£ODYGOWICE","Øylica (213274)","10810"
" 149190140","£ KAWICA","£Íkawka (213278)","10820"
" 149190130","£ KAWICA","Kocierzanka (2132788)","10830"
" 150199989","M TK”W","Chech≥o (21334)","10840"
" 149199990","SPYTKOWICE","Skawa (2134)","10841"
" 149190290","JORDAN”W","Skawa (2134)","10850"
" 149190260","OSIELEC","Skawa (2134)","10860"
" 149190210","SUCHA BESKIDZKA","Skawa (2134)","10870"
" 149190180","WADOWICE","Skawa (2134)","10880"
" 149190170","ZATOR","Skawa (2134)","10890"
" 149199991","BYSTRA","Bystrzanka (21342)","10900"
" 149190190","ZAWOJA","Skawica (21344)","10910"
" 149190220","SKAWICA DOLNA","Skawica (21344)","10920"
" 149190200","SUCHA BESKIDZKA","Stryszawka (21346)","10930"
" 149199992","SU£KOWICE","WieprzÛwka (21348)","10940"
" 149190160","RUDZE","WieprzÛwka (21348)","10950"
" 149190270","RADZISZ”W","Skawinka (21356)","10960"
" 150199985","KRYSPIN”W","Sanka (21358)","10961"
" 150199987","KRZESZOWICE","Rudawa (2136)","10970"
" 150190310","BALICE","Rudawa (2136)","10980"
" 149190330","ZBYDNIOWICE","Wilga (21372)","10990"
" 150190330","OJC”W","Prπdnik (21374)","11000"
" 150199984","KRAK”W-OLSZA","Prπdnik (21374)","11010"
" 150209997","ZES£AWICE","D≥ubnia (21376)","11020"
" 149199986","RABKA 1","Raba (2138)","11030"
" 149190340","RABKA 2","Raba (2138)","11031"
" 149200060","MSZANA DOLNA","Raba (2138)","11040"
" 149200040","KASINKA MA£A","Raba (2138)","11050"
" 149190310","STR”ØA","Raba (2138)","11060"
" 149200090","DOBCZYCE","Raba (2138)","11061"
" 149209993","GD”W","Raba (2138)","11070"
" 149200170","PROSZ”WKI","Raba (2138)","11080"
" 149199985","RABKA","Poniczanka (213812)","11090"
" 149200080","MSZANA DOLNA","Mszanka (21382)","11100"
" 149209997","NIEDèWIEDè","PorÍbianka (213826)","11110"
" 149209998","KASINKA MA£A","Kasinianka (213832)","11115"
" 149190370","LUBIE—","LubieÒka (213834)","11120"
" 149190350","KRZCZON”W","KrzczonÛwka (213836)","11130"
" 149209994","MARWIN","Krzyworzeka (213874)","11140"
" 149209996","CZAS£AW","Lipnik (2138744)","11150"
" 149209992","£APAN”W","Stradomka (21388)","11160"
" 149200130","STRADOMKA","Stradomka (21388)","11170"
" 150200070","BISKUPICE","Szreniawa (21392)","11180"
" 150200140","BORZ CIN","Uszwica (21396)","11190"
" 150209993","SKALBMIERZ","Nidzica (21398)","11200"
" 150200110","DOBIES£AWICE","Nidzica (21398)","11210"
" 150209994","JANOWICE","Kalinka (2139814)","11220"
" 149199989","KOJS”WKA","Dunajec (214)","11230"
" 149190280","KONI”WKA","Dunajec (214)","11240"
" 149200030","NOWY TARG","Dunajec (214)","11250"
" 149200050","NOWY TARG-KOWANIEC","Dunajec (214)","11260"
" 149209991","CZORSZTYN","Dunajec (214)","11270"
" 149200140","SROMOWCE WYØNE","Dunajec (214)","11280"
" 149200160","KROåCIENKO","Dunajec (214)","11290"
" 149200190","GO£KOWICE","Dunajec (214)","11300"
" 149200240","NOWY S•CZ","Dunajec (214)","11310"
" 149200210","T GOBORZE","Dunajec (214)","11315"
" 149209985","ROØN”W","Dunajec (214)","11320"
" 149200230","CZCH”W","Dunajec (214)","11330"
" 149200280","ZG£OBICE","Dunajec (214)","11340"
" 150200170","ØABNO","Dunajec (214)","11350"
" 149190300","KOåCIELISKO-KIRY","Kirowa Woda (214112)","11360"
" 149190360","LUDèMIERZ","Lepietnica (2141156)","11370"
" 149190390","LUDèMIERZ","Wielki Rogoünik (214116)","11380"
" 149199987","NOWE BYSTRE-TYLKI","Bystry (2141162)","11381"
" 149199988","RATU£”W","Bystry (2141162)","11382"
" 149190380","ZAKOPANE-HARENDA","Bia≥y Dunajec (21412)","11390"
" 149200020","SZAFLARY","Bia≥y Dunajec (21412)","11400"
" 149190320","ZAKOPANE-DOL.STR•ØYSKA","M≥yniska (214122)","11410"
" 149199984","ZAKOPANE-KUèNICE","Bystra (214124)","11420"
" 149209999","ZAKOPANE-JASZCZUR”WKA","Olczyski Potok (214126)","11430"
" 149200010","PORONIN","Poroniec (214128)","11440"
" 149200100","£YSA POLANA","Bia≥ka (214154)","11448"
" 149200110","TRYBSZ 2","Bia≥ka (214154)","11451"
" 149209995","TRYBSZ","M≥ynÛwka (21415484)","11452"
" 149200070","MORSKIE OKO","Jez. Morskie Oko (2141542)","11453"
" 149200120","NIEDZICA","Niedziczanka (214172)","11460"
" 149200180","SZCZAWNICA","Grajcarek (214196)","11470"
" 149209989","KROåCIENKO","Kroúnica (2141972)","11480"
" 149200150","TYLMANOWA","Ochotnica (2141976)","11490"
" 149200300","MUSZYNA","Poprad (2142)","11500"
" 149200290","MUSZYNA-MILIK","Poprad (2142)","11510"
" 149209983","PIWNICZNA","Poprad (2142)","11520"
" 149200220","STARY S•CZ","Poprad (2142)","11530"
" 149209981","MUSZYNA","Muszynka (21422)","11540"
" 149209980","KRYNICA","Kryniczanka (214226)","11550"
" 149209984","PIWNICZNA-CZERCZE","Czercz (214252)","11560"
" 149209986","RYTRO","Wielka Roztoka (21426)","11570"
" 149200270","£ABOWA","Kamienica (21432)","11580"
" 149200250","NOWY S•CZ","Kamienica (21432)","11590"
" 149209982","JAMNICA","Kamionka (214328)","11600"
" 149200260","NOWY S•CZ","£ubinka (21434)","11610"
" 149209988","KL CZANY","Smolnik (21436)","11620"
" 149209987","åWIDNIK","åwidnik (21452)","11630"
" 149209990","PIEKIE£KO","£ososina (21472)","11640"
" 149200200","JAKUBKOWICE","£ososina (21472)","11650"
" 149219999","BRUNARY","Bia≥a (2148)","11660"
" 149200310","GRYB”W","Bia≥a (2148)","11670"
" 149200330","CI ØKOWICE","Bia≥a (2148)","11680"
" 149200320","KOSZYCE WIELKIE","Bia≥a (2148)","11690"
" 150200010","MNISZEK","Nida (216)","11700"
" 150200030","BRZEGI","Nida (216)","11710"
" 150200080","PI—CZ”W","Nida (216)","11720"
" 150209991","WIåLICA","Nida (216)","11730"
" 150200020","BOCHENIEC","Wierna Rzeka (2162)","11740"
" 150200160","DALESZYCE","Czarna Nida (2164)","11750"
" 150200120","MORAWICA","Czarna Nida (2164)","11760"
" 150200040","TOKARNIA","Czarna Nida (2164)","11770"
" 150209988","M•CHOCICE","Lubrzanka (21644)","11775"
" 150209990","CEDZYNA","Lubrzanka (21644)","11780"
" 150209989","NIESTACH”W","Warkocz (216446)","11790"
" 150200090","S£OWIK","Bobrza (21648)","11800"
" 150209995","KRZCI CICE","Mierzawa (2166)","11810"
" 150200050","MICHA£”W","Mierzawa (2166)","11811"
" 150209992","PAW£OWICE","Mierzawa (2166)","11820"
" 150210070","WAMPIERZ”W","BreÒ (2174)","11830"
" 150210010","RAK”W","Czarna (2178)","11840"
" 150210060","STASZ”W","Czarna (2178)","11850"
" 150210100","PO£ANIEC","Czarna (2178)","11860"
" 150219999","JASTRZ BSKA WOLA","£agowianka (21782)","11870"
" 150210030","MOCHA","£agowianka (21782)","11880"
" 150210050","WILKOWA","Wschodnia (21788)","11890"
" 149210090","KREMPNA-KOTA—","Wis≥oka (218)","11895"
" 149219997","KREMPNA","Wis≥oka (218)","11900"
" 149219996","NOWY ØMIGR”D","Wis≥oka (218)","11910"
" 149210070","Ø”£K”W","Wis≥oka (218)","11920"
" 149210050","KRAJOWICE","Wis≥oka (218)","11930"
" 149210040","£ABUZIE","Wis≥oka (218)","11940"
" 150219994","BRZEèNICA","Wis≥oka (218)","11950"
" 150210130","PUSTK”W","Wis≥oka (218)","11953"
" 150210120","MIELEC 2","Wis≥oka (218)","11955"
" 150219996","MIELEC","Wis≥oka (218)","11960"
" 149210010","ROPA","Ropa (2182)","11970"
" 149210030","KL CZANY","Ropa (2182)","11980"
" 149210060","TOPOLINY","Ropa (2182)","11990"
" 149210020","GORLICE","SÍkÛwka (21826)","12000"
" 149219998","SIEPIETNICA","Olszynka (21828)","12010"
" 149219994","STASIANIE","Jasio≥ka (2184)","12015"
" 149210100","ZBOISKA","Jasio≥ka (2184)","12020"
" 149219995","JEDLICZE","Jasio≥ka (2184)","12030"
" 149210080","JAS£O","Jasio≥ka (2184)","12040"
" 150210110","G£OWACZOWA","Grabinka (21876)","12045"
" 150219998","GRABINY","Grabinka (21876)","12050"
" 150210140","BRZEèNICA","Brzeünica (2188)","12060"
" 150219993","PADEW","BabulÛwka (2192)","12061"
" 150219997","KR PA G”RNA","Koprzywianka (2194)","12070"
" 150219995","KLIMONT”W","Koprzywianka (2194)","12080"
" 150210160","KOPRZYWNICA","Koprzywianka (2194)","12090"
" 150219988","WOLA RANIØOWSKA","£Íg (2198)","12100"
" 150219989","WILCZA WOLA","£Íg (2198)","12110"
" 150210200","GR B”W","£Íg (2198)","12115"
" 150219990","K PIE ZALESZA—SKIE","£Íg (2198)","12120"
" 149220150","DWERNIK","San (22)","12130"
" 149220130","ZATWARNICA","San (22)","12140"
" 149220120","SOLINA","San (22)","12143"
" 149220090","MYCZKOWCE","San (22)","12145"
" 149220060","LESKO","San (22)","12150"
" 149220030","OLCHOWCE","San (22)","12160"
" 149220040","DYN”W","San (22)","12170"
" 149220190","PRZEMYåL","San (22)","12180"
" 149229993","SOåNICA","San (22)","12190"
" 149229994","RADYMNO","San (22)","12200"
" 150220100","JAROS£AW","San (22)","12210"
" 150220090","LEØACH”W","San (22)","12220"
" 150220070","RZUCH”W","San (22)","12230"
" 150229997","RUDNIK","San (22)","12240"
" 150220030","NISKO","San (22)","12250"
" 150210210","RADOMYåL","San (22)","12260"
" 149220180","STUPOSIANY","Wo≥osaty (22114)","12270"
" 149220140","POLANA","Czarna (22132)","12280"
" 149220080","CISNA","Solinka (2212)","12290"
" 149220100","TERKA","Solinka (2212)","12300"
" 149220110","KALNICA","Wetlina (22126)","12310"
" 149220070","HOCZEW","Hoczewka (2218)","12320"
" 149220020","SZCZAWNE","Os≥awa (222)","12330"
" 149220050","ZAG”RZ","Os≥awa (222)","12340"
" 149229995","LESZCZAWA","Stupnica (2236)","12350"
" 149229997","BRZUSKA","Stupnica (2236)","12360"
" 149220160","RYBOTYCZE","Wiar (224)","12370"
" 149220200","KR”WNIKI","Wiar (224)","12380"
" 149220210","NIENOWICE","Wisznia (2252)","12390"
" 149230020","BUDZY—","Szk≥o (2254)","12395"
" 150220140","CHARYTANY","Szk≥o (2254)","12400"
" 150239998","LUBACZ”W","LubaczÛwka (2256)","12410"
" 150220130","ZAPA£”W","LubaczÛwka (2256)","12420"
" 149210150","PU£AWY","Wis≥ok (226)","12430"
" 149210160","SIENIAWA","Wis≥ok (226)","12435"
" 149219993","BESKO","Wis≥ok (226)","12440"
" 149210110","KROSNO","Wis≥ok (226)","12450"
" 149210130","ØARNOWA","Wis≥ok (226)","12460"
" 150220010","RZESZ”W","Wis≥ok (226)","12470"
" 150229998","D•BR”WKI SZLACHECKIE","Wis≥ok (226)","12480"
" 150220080","TRY—CZA","Wis≥ok (226)","12490"
" 149210170","WOLA S KOWA","Pielnica (22618)","12495"
" 149220010","NOWOSIELCE","Pielnica (22618)","12500"
" 149210140","ISKRZYNIA","Morwawa (2262)","12510"
" 149210120","GODOWA","Stobnica (2264)","12520"
" 149229999","MANASTERZ","Mleczka (2268)","12530"
" 149229998","KA—CZUGA","Mleczka (2268)","12540"
" 150220060","GORLICZYNA","Mleczka (2268)","12550"
" 149229996","ZARZECZE","Mleczka Wschodnia (22688)","12560"
" 150229994","D•BROWICA DUØA","Z≥ota (2272)","12570"
" 150229995","OØANNA WIELKA","Z≥ota (2272)","12580"
" 150229993","LUCH”W","LuchÛwka (22726)","12590"
" 150220040","SARZYNA","Trzeboúnica (2274)","12600"
" 150220160","OSUCHY","Tanew (228)","12610"
" 150229992","MARKOWICZE","Tanew (228)","12620"
" 150220050","HARASIUKI","Tanew (228)","12630"
" 150239999","LUBLINIEC","Wirowa (2282)","12640"
" 150220110","BI£GORAJ","£ada (2286)","12650"
" 150229991","BRODZIAKI","Czarna £ada (22862)","12660"
" 150220020","RUDA JASTKOWSKA","Bukowa (2294)","12670"
" 150229996","SZEWCE","Rakowa (22942)","12680"
" 150219991","DWIKOZY","OpatÛwka (2314)","12690"
" 150229999","IRENA","Sanna (232)","12691"
" 151210130","B”R","Wyønica (2336)","12700"
" 151200100","BZIN","Kamienna (234)","12710"
" 151210010","W•CHOCK","Kamienna (234)","12720"
" 151210020","MICHA£”W","Kamienna (234)","12728"
" 151210040","BRODY I£ØECKIE","Kamienna (234)","12730"
" 150210090","KUN”W","Kamienna (234)","12740"
" 150219992","PODGRODZIE","Kamienna (234)","12741"
" 151210090","CZEKARZEWICE","Kamienna (234)","12750"
" 150210040","RZEPIN","åwiúlina (2348)","12760"
" 150210080","NIETULISKO DUØE","åwiúlina (2348)","12770"
" 150210220","W£OCHY","Pokrzywianka (23484)","12774"
" 151219998","I£ØA","I≥øanka (236)","12780"
" 151210080","KAZAN”W","I≥øanka (236)","12785"
" 151219996","CIEPIEL”W","I≥øanka (236)","12790"
" 151220030","WIERZCHONI”W","Bystra (238)","12791"
" 151229998","WOJCIECH”W","Czerka (2382)","12800"
" 151220040","WITOWICE","KurÛwka (2392)","12810"
" 151229999","KO—SKOWOLA","KurÛwka (2392)","12820"
" 150220170","ZWIERZYNIEC","Wieprz (24)","12830"
" 150230080","MICHAL”W","Wieprz (24)","12833"
" 150230010","NIELISZ","Wieprz (24)","12835"
" 150230020","WIRKOWICE","Wieprz (24)","12840"
" 150230040","KRASNYSTAW","Wieprz (24)","12850"
" 151230010","TRAWNIKI","Wieprz (24)","12860"
" 151229995","£ CZNA","Wieprz (24)","12870"
" 151220090","LUBART”W","Wieprz (24)","12880"
" 151220010","KOåMIN","Wieprz (24)","12890"
" 150220120","ZAK£ODZIE","PÛr (24174)","12892"
" 150220150","SU£”W","PÛr (24174)","12895"
" 150229989","NAW”Z","PÛr (24174)","12900"
" 150229990","SU£”W","Stara Gorajka (2417492)","12901"
" 150230030","KRZAK","£abuÒka (242)","12910"
" 150230050","OR£”W DREWNIANY","Wolica (2432)","12920"
" 150230060","SURH”W","Wojs≥awka (2434)","12921"
" 151220130","BISKUPICE","Gie≥czewka (244)","12930"
" 151239999","ZAWAD”W","Mogilnica (2452)","12940"
" 151220140","PUCHACZ”W","åwinka (2456)","12950"
" 151220070","LUBLIN","Bystrzyca (246)","12960"
" 151220100","SOBIANOWICE","Bystrzyca (246)","12970"
" 151229996","OSTR”W LUBELSKI","Tyúmienica (248)","12980"
" 151220110","SIEMIE—","Tyúmienica (248)","12990"
" 151220080","TCH”RZEW","Tyúmienica (248)","13000"
" 151229997","TULNIKI","Piskornica (24832)","13010"
" 151239998","SOSNOWICA","Piwonia (2482)","13020"
" 151220120","PARCZEW","Piwonia (2482)","13030"
" 151229994","PARCZEW","Konotopa (24828)","13040"
" 151220060","BORKI","Bystrzyca (2486)","13050"
" 151220050","M£YNISKA","Minina (2492)","13055"
" 151200110","S£OWIK”W","Radomka (252)","13060"
" 151210060","ROGOØEK","Radomka (252)","13070"
" 151210030","LESI”W","Mleczna (2526)","13080"
" 151210110","MIKA","Okrzejka (2532)","13090"
" 151210160","ZAWALINY","Wilga (2536)","13093"
" 151210100","OZIEMK”WKA","Wilga (2536)","13097"
" 151210070","CYGAN”WKA","Wilga (2536)","13098"
" 151219997","WILGA","Wilga (2536)","13100"
" 151220020","PODOSIE","DπbrÛwka (253612)","13102"
" 151210180","MYS£”W","Mys≥Ûwka (253616)","13104"
" 151210140","ØELECH”W","ØelechÛwka (25362)","13106"
" 151210150","G”ZDEK","Olszanka (253624)","13108"
" 150190320","SZCZEKOCINY","Pilica (254)","13120"
" 150190280","W•SOSZ","Pilica (254)","13122"
" 151190090","PRZEDB”RZ","Pilica (254)","13130"
" 151190100","SULEJ”W-KOPALNIA","Pilica (254)","13140"
" 151199997","SULEJ”W","Pilica (254)","13150"
" 151209998","TOMASZ”W MAZ.-BRZOST”WKA","Pilica (254)","13160"
" 151209997","TOMASZ”W MAZ-BIA£OBRZEGI","Pilica (254)","13170"
" 151200020","SPA£A","Pilica (254)","13180"
" 151200090","NOWE MIASTO","Pilica (254)","13190"
" 151200120","BIA£OBRZEGI","Pilica (254)","13200"
" 150190290","BONOWICE","Krztynia (25414)","13205"
" 150190300","BONOWICE","ØebrÛwka (254146)","13210"
" 150209999","POR BY","Czarna (2542)","13220"
" 150190350","JANUSZEWICE","Czarna (2542)","13230"
" 150209998","BELINA","Czarna Struga (25426)","13231"
" 150199983","RUDKA","Czarna Struga (25426)","13240"
" 151200060","W•SOSZ-STARA WIEå","Czarna (2544)","13245"
" 151190120","D•BROWA","Czarna (2544)","13250"
" 151200070","W•SOSZ-STARA WIEå","Krasna (25442)","13255"
" 151190080","K£UDZICE","Luciπøa (25452)","13260"
" 151190110","ZAWADA","WolbÛrka (2546)","13270"
" 151209999","TOMASZ”W MAZOWIECKI","Czarna (25468)","13280"
" 151200040","OPOCZNO","Drzewiczka (2548)","13281"
" 151200080","ODRZYW”£","Drzewiczka (2548)","13290"
" 152210070","W”LKA ML•DZKA","åwider (256)","13300"
" 152219994","EM”W","Mienia (2568)","13310"
" 152219998","PIASECZNO 1","Jeziorka (258)","13320"
" 152210020","PIASECZNO 2","Jeziorka (258)","13321"
" 151219999","CHYN”W","Czarna (2586)","13330"
" 152230120","SIEMIAN”WKA","Zb. SiemianÛwka (2611399)","13335"
" 152230110","BONDARY","Narew (26)","13340"
" 152230090","NAREW","Narew (26)","13350"
" 152230040","PLOSKI","Narew (26)","13360"
" 152220080","SURAØ","Narew (26)","13370"
" 153220270","BABINO","Narew (26)","13378"
" 153229994","Ø”£TKI","Narew (26)","13380"
" 153220130","STR KOWA G”RA","Narew (26)","13390"
" 153220070","WIZNA","Narew (26)","13400"
" 153220010","PI•TNICA-£OMØA","Narew (26)","13410"
" 153210210","NOWOGR”D","Narew (26)","13420"
" 153210090","OSTRO£ KA","Narew (26)","13430"
" 152219993","R”ØAN","Narew (26)","13440"
" 152210060","ZAMBSKI KOåCIELNE","Narew (26)","13450"
" 152209992","D BE","Zb. DÍbe (2671999)","13455"
" 152219997","PU£TUSK","Narew (26)","13460"
" 152219999","ZEGRZE","Narew (26)","13470"
" 152200140","D BE","Narew (26)","13480"
" 152200130","ORZECHOWO","Narew (26)","13485"
" 152230130","BIA£OWIEØA","Narewka (2612)","13490"
" 152230190","BIA£OWIEØA-PARK","Narewka (2612)","13495"
" 152230100","NAREWKA","Narewka (2612)","13500"
" 152230060","TRZEåCIANKA","Rudnia (26136)","13510"
" 152230030","CHRABO£Y","Orlanka (2614)","13520"
" 153230160","GR”DEK","Supraúl (2616)","13530"
" 153230150","ZA£UKI","Supraúl (2616)","13540"
" 153230170","NOWOSI”£KI","Supraúl (2616)","13550"
" 153230110","SUPRAåL","Supraúl (2616)","13555"
" 153230010","FASTY","Supraúl (2616)","13560"
" 153239997","LIPOWY MOST","S≥oja (261618)","13570"
" 153230140","SOKO£DA","Soko≥da (26162)","13580"
" 153239998","KR”LOWY MOST","P≥oska (26164)","13590"
" 153230080","SOCHONIE","Czarna (26166)","13600"
" 153230060","ZAWADY","Bia≥a (26168)","13610"
" 153220230","KULESZE-CHOBOTKI","Nereúl (2618)","13620"
" 153220180","ZAWADY","ålina (26194)","13625"
" 153230070","SZTABIN","Biebrza (262)","13630"
" 153220260","D BOWO","Biebrza (262)","13640"
" 153220250","STARE DOLISTOWO","Biebrza (262)","13650"
" 153220170","OSOWIEC","Biebrza (262)","13660"
" 153220100","BURZYN","Biebrza (262)","13670"
" 153220030","GA∆","GaÊ (2634)","13675"
" 153230130","HARASIMOWICZE","Sidra (26214)","13680"
" 153230100","JASTRZ BNA","JastrzÍbianka (262166)","13690"
" 154220070","W”LKA","Jez. Rospuda Filipowska (262215)","13691"
" 153220240","RACZKI","Netta (2622)","13700"
" 153220300","AUGUST”W","Jez. Necko (262279)","13701"
" 153239999","AUGUST”W","Netta (2622)","13710"
" 153230030","SAJENEK","Jez. Sajno (2622939)","13711"
" 153220280","BIA£OBRZEGI","Netta (2622)","13720"
" 154229997","ZUSNO","Zuünianka (26222)","13721"
" 154229995","ØYLINY","Szczeberka (26224)","13722"
" 153220290","SZCZEBRA","Szczeberka (26224)","13730"
" 153230050","PRZEWI è","Jez. Studzieniczne (2622743)","13731"
" 153230040","PRZEWI è","Jez. Bia≥e Augustowskie (2622745)","13732"
" 153230020","KARPOWICZE","BrzozÛwka (2624)","13740"
" 154220060","OLECKO","Jez. Olecko Wielkie (2626139)","13741"
" 153220110","CHE£CHY","Jegrznia (2626)","13750"
" 153220120","SORDACHY","Jez. SelmÍt Wielki (262639)","13751"
" 153220150","KUCZE","Jegrznia (2626)","13760"
" 153220190","RAJGR”D","Jez. Rajgrodzkie (262679)","13761"
" 153220320","BORZYMY","PrzepiÛrka (262678)","13763"
" 153220200","RAJGR”D","Jegrznia (2626)","13770"
" 153220210","DR STWO","Jez. DrÍstwo (2626939)","13771"
" 153220220","WOèNAWIEå","Jegrznia (2626)","13780"
" 154220020","BORKI","Jez. Litygajno (2628539)","13784"
" 154220030","MA£E WRONKI","E≥k (2628)","13790"
" 153220040","MALIN”WKA","Jez. £aúmiady (262879)","13791"
" 153220060","E£K","E≥k (2628)","13800"
" 153220050","E£K","Jez. E≥ckie (2628939)","13801"
" 153229995","OSTRYK”£","E≥k (2628)","13810"
" 153220080","PROSTKI","E≥k (2628)","13820"
" 153220140","PRZECHODY","E≥k (2628)","13830"
" 153220160","OSOWIEC","E≥k (2628)","13831"
" 154229998","OLSZEWO","Jez. Olszewskie (26285611)","13832"
" 153229997","STARE JUCHY","Gawlik (262876)","13840"
" 153229998","ORZECHOWO","Jez. SzÛstak (262876921)","13841"
" 153229996","GOR£O","Dop≥yw z jez. SzÛstak (26287692)","13850"
" 153220310","CZARNA WIEå","Kana≥ Kuwasy (262898)","13855"
" 153220090","CZACHY","Wissa (26296)","13860"
" 154210090","GIØYCKO","Pisa (264)","13861"
" 153210150","JAGODNE MA£E","Jez. Jagodne (2641739)","13862"
" 153210110","MIKO£AJKI","Jez. Miko≥ajskie (26439)","13863"
" 153210130","G£ODOWO","Jez. åniardwy (26459)","13864"
" 153210200","MALDANIN","Jez. Roú (264759)","13865"
" 153210250","KARWIK","Pisa (264)","13867"
" 153210260","ROSTKI","Wilkus (264752)","13869"
" 153210190","PISZ","Pisa (264)","13870"
" 153219991","JEØE","Pisa (264)","13880"
" 153210170","PTAKI","Pisa (264)","13890"
" 153210220","DOBRYLAS","Pisa (264)","13900"
" 154210040","KRONOWO","Jez. Dejguny (2641251)","13901"
" 154219997","STER£AWKI MA£E","Kana≥y I≥awki i Dejguny (26412)","13910"
" 153210100","RUCIANE-NIDA","Jez. Nidzkie (2643259)","13912"
" 153219998","SORKWITY","Jez. Gielπdzkie (2642199)","13916"
" 153219997","BOROWSKI LAS","Krutynia (2642)","13920"
" 153219996","MACHARY-BR”D","Krutynia (2642)","13930"
" 153210050","SPYCHOWO","Krutynia (2642)","13940"
" 153210060","ZGON","Jez. Mokre (264279)","13941"
" 153219994","KRUTY—","Krutynia (2642)","13950"
" 153210080","UKTA","Krutynia (2642)","13960"
" 153210240","ORZYSZ-BUDA","Jez. Orzysz (264479)","13961"
" 153210230","MIKOSZE","Orzysza (2644)","13970"
" 153220020","ROØY—SK","Jez. Druglin (26443239)","13971"
" 153219988","RUDA","åwiÍcek (264756)","13980"
" 153229999","RUDA","Konopka (264758)","13990"
" 153210160","POGUBIE åREDNIE","Jez. Pogubie Wielkie (2647943)","13991"
" 153219990","RUDA SKRODA","Skroda (26498)","14000"
" 153219989","KOLNO","£abna (264986)","14010"
" 153210180","ZARUZIE","Ruø (26516)","14020"
" 153219993","D BY","Szkwa (26518)","14030"
" 153219992","D•BR”WKA","Szkwa (26518)","14040"
" 153210140","SZKWA","Szkwa (26518)","14045"
" 153210040","MYSZYNIEC","Rozoga (2652)","14050"
" 153210120","WALERY","Rozoga (2652)","14052"
" 153200080","JAB£ONKA","Jez. Omulew (26541399)","14055"
" 153209992","WIELBARK","Omulew (2654)","14060"
" 153210010","KRUKOWO","Omulew (2654)","14070"
" 153219995","CZARNOTRZEW","Omulew (2654)","14080"
" 153210070","BIA£OBRZEG BLIØSZY","Omulew (2654)","14090"
" 153209993","S•P£ATY","Jez. Sπp≥aty (26542320)","14091"
" 153200150","J CZNIK","Jez. Sasek Wielki (26542399)","14092"
" 153200160","WIELBARK","Sawica (26542)","14100"
" 153219999","STARE KIEJKUTY","Jez. Wa≥pusz (2654459)","14101"
" 152210100","CZARNOWO","Orz (2656)","14110"
" 153210020","KRASNOSIELC","Orzyc (2658)","14120"
" 152210030","MAK”W MAZOWIECKI","Orzyc (2658)","14130"
" 150240020","KRY£”W","Bug (266)","14135"
" 150240010","STRZYØ”W","Bug (266)","14140"
" 151230060","DOROHUSK","Bug (266)","14150"
" 151230040","W£ODAWA","Bug (266)","14160"
" 152230080","KRZYCZEW","Bug (266)","14170"
" 152230200","ZABUØE","Bug (266)","14173"
" 152220050","FRANKOPOL","Bug (266)","14180"
" 152229999","MA£KINIA","Bug (266)","14181"
" 152210090","WYSZK”W","Bug (266)","14190"
" 152210150","POPOWO","Bug (266)","14195"
" 150239997","WERBKOWICE","Huczwa (2662)","14200"
" 150230070","GOZD”W","Huczwa (2662)","14210"
" 151239992","OSTR”W","Udal (26632)","14220"
" 151230050","RUDA-OPALIN","Uherka (26634)","14230"
" 151239996","SUCHAWA","W≥odawka (26636)","14240"
" 151230030","OKUNINKA","W≥odawka (26636)","14250"
" 151239995","LUTA","Krzywianka (266366)","14260"
" 151239993","Ø£OBEK","Tarasienka (266368)","14270"
" 151239994","OKUNINKA (TRATWA)","Tarasienka (266368)","14273"
" 151230080","OKUNINKA","Jez. Bia≥e (26636890)","14273"
" 152230020","POROSIUKI","Krzna (2664)","14280"
" 152230070","MALOWA G”RA","Krzna (2664)","14290"
" 152239999","CICIB”R","KlukÛwka (26646)","14300"
" 152230050","PERKOWICE","Zielawa (26648)","14310"
" 151230020","ROSSOSZ","Mu≥awa (266484)","14320"
" 151239997","DOKUD”W","Øarnica (266486)","14330"
" 152220060","HRUSZEW","Toczna (26658)","14336"
" 152230010","BO∆KI","Nurzec (2666)","14340"
" 152220070","BRA—SK","Nurzec (2666)","14350"
" 152229996","HORNOWO","Leúna (26664)","14354"
" 152220030","ZEMBR”W","Cetynia (266712)","14356"
" 152220020","GOSTKOWO","Brok (26676)","14360"
" 152220090","MIANOWO","Brok (26676)","14362"
" 152210130","NOWE KACZKOWO","Brok (26676)","14370"
" 152229997","PIE—KI WYCZ”LSKIE","Liwiec (2668)","14380"
" 152220040","KRZEåLIN","Liwiec (2668)","14390"
" 152220010","ZALIWIE-PIEGAWKI","Liwiec (2668)","14400"
" 152210120","£OCH”W","Liwiec (2668)","14410"
" 152229998","ROZKOSZ","Muchawka (26682)","14420"
" 152210140","JAGODNE","KostrzyÒ (26684)","14430"
" 152210110","ZAWISZYN","Osownica (26688)","14440"
" 152210160","ZAWADY","Rzπdza (26716)","144405"
" 152219995","£OSIE","Rzπdza (26716)","14441"
" 152210080","KLEMB”W","Cienka (267168)","14450"
" 152219996","ZIELONKA","D≥uga (267184)","14460"
" 152210050","STRUGA","Czarna (267186)","14470"
" 153209996","DZIA£DOWO","Wkra (268)","14480"
" 153190160","BRUDNICE","Wkra (268)","14490"
" 152200020","TRZCINIEC","Wkra (268)","14500"
" 152209996","SOCHOCIN","Wkra (268)","14501"
" 152209995","CIEKSYN","Wkra (268)","14510"
" 152200120","BORKOWO","Wkra (268)","14515"
" 153200050","SARNOWO","SzkotÛwka (2682)","14520"
" 153200020","SZRE—SK","M≥awka (2684)","14530"
" 153209997","MOSTOWO","Przylepnica (26848)","14540"
" 152200100","LUBERADZ","£ydynia (2686)","14550"
" 152200060","SARBIEWO","Raciπønica (26872)","14560"
" 152200080","STRACHOWO","P≥onka (26876)","14570"
" 152209994","NOWE MIASTO","Sona (2688)","14580"
" 152199998","£ CZYCA","Bzura (stare koryto) (272156)","14590"
" 152190050","KWIATK”WEK","Bzura (272)","14595"
" 152190090","OR£”W","Bzura (272)","14600"
" 152199992","£OWICZ","Bzura (272)","14610"
" 152200040","SOCHACZEW","Bzura (272)","14620"
" 152200050","ØUK”W","Bzura (272)","14621"
" 152199997","KUTNO","Ochnia (27218)","14630"
" 152190070","£ KI KOåCIELNE","Ochnia (27218)","14640"
" 151190070","GIECZNO","Moszczenica (2722)","14650"
" 152190100","BIELAWY","Mroga (27234)","14660"
" 152199993","CHRUåLIN","BobrÛwka (27252)","14670"
" 151200010","BORYS£AW","Skierniewka (27258)","14680"
" 151200030","BOGUSZYCE","Rawka (2726)","14682"
" 151209996","KAMION","Rawka (2726)","14690"
" 152200010","K SZYCE","Rawka (2726)","14700"
" 151200050","JULIAN”W","Bia≥ka (27266)","14705"
" 152209998","SUCHA NOWA","Sucha (27272)","14710"
" 152209997","DURAN”W","Pisia (27276)","14720"
" 152209993","UTRATA","Utrata (2728)","14730"
" 152200090","KRUBICE","Utrata (2728)","14740"
" 152200070","W£ADYS£AW”W","£asica (27296)","14750"
" 152209999","£ TOWO","Mo≥tawa (2732)","14752"
" 152199994","P£OCK-TRZEPOWO","Brzeünica (2752)","14760"
" 152190060","KLUSEK","Skrwa Lewa (2754)","14770"
" 152190150","LUCIE—","Jez. LucieÒskie (2754619)","14772"
" 152190130","LUCIE—-OåRODEK","Jez. LucieÒskie (2754619)","14774"
" 152190140","ZWIERZYNIEC","Dop≥yw z jez. LucieÒskiego (27546)","14776"
" 153190110","SKRWILNO","Skrwa (2756)","14780"
" 152199996","STUDZIENIEC","Skrwa (2756)","14790"
" 152190080","PARZE—","Skrwa (2756)","14800"
" 152190110","SIERPC","Sierpienica (27564)","14810"
" 152189992","WIENIEC","Zg≥owiπczka (278)","14820"
" 152189991","MARIANKI","Zg≥owiπczka (278)","14830"
" 152199999","PRZYRUDA","Zg≥owiπczka (278)","14840"
" 152190020","W£OC£AWEK-RUDA","Zg≥owiπczka (278)","14850"
" 152190010","NOWA WIEå","Lubienka (2788)","14860"
" 152190040","LIPNO","MieÒ (2794)","14870"
" 152180130","OT£OCZYNEK","Tπøyna (2796)","14880"
" 153200010","IDZBARK","DrwÍca (28)","14890"
" 153190170","OSTR”DA","Jez. DrwÍckie (28399)","14891"
" 153190140","SAMBOROWO","DrwÍca (28)","14900"
" 153190120","RODZONE","DrwÍca (28)","14910"
" 153190090","NOWE MIASTO LUBAWSKIE","DrwÍca (28)","14920"
" 153190050","BRODNICA","DrwÍca (28)","14930"
" 153199998","GOLUB-DOBRZY—","DrwÍca (28)","14940"
" 153180140","ELGISZEWO","DrwÍca (28)","14950"
" 153209998","STARE JAB£ONKI","Jez. Szelπg Ma≥y (283219)","14951"
" 153199995","KO£ODZIEJKI","Gizela (2854)","14960"
" 153190080","I£AWA","Jez. Jeziorak (2856599)","14961"
" 153190100","DZIARNY","I≥awka (2856)","14970"
" 153190150","LIDZBARK","Wel (286)","14980"
" 153190130","KULIGI","Wel (286)","14990"
" 153190180","BACHOTEK 2","Skarlanka (2876)","14992"
" 153190070","BACHOTEK","Jez. Bachotek (287693)","14994"
" 153190190","TAMA BRODZKA","Skarlanka (2876)","14996"
" 153190060","RYPIN","Rypienica (288)","15000"
" 153199997","SITNO","Ruziec (2894)","15010"
" 153189996","BARTOSZEWICE","Jez. Wieczno Pn. (289825)","15011"
" 152189996","ROJEWICE","Kana≥ Zielona Struga (2914)","15020"
" 153189998","DYBOWO","Kana≥ Zielona Struga (2914)","15021"
" 153179998","NOWA BRDA","Brda (292)","15030"
" 153170030","SZCZYTNO","Jez. Szczytno Ma≥e (292171)","15031"
" 153170050","CIECHOLEWY","Brda (292)","15040"
" 153170080","CHARZYKOWY","Jez. Charzykowskie (292317)","15041"
" 153170060","SWORNEGACIE","Brda (292)","15050"
" 153170120","TUCHOLA","Brda (292)","15060"
" 153179989","KORONOWO","Stare koryto Brdy (29294)","15070"
" 153170140","SMUKA£A","Brda (292)","15080"
" 153179999","KOCZA£A","Jez. Dymno (29212)","15086"
" 153179997","WIECZYWNO","Chocina (29232)","15090"
" 153179996","CHOCI—SKI M£YN","Chocina (29232)","15100"
" 153179994","WINDORP","Jez. KruszyÒskie (2923617)","15101"
" 153179995","ROLBIK","Zbrzyca (29236)","15110"
" 153170070","SWORNEGACIE","Zbrzyca (29236)","15120"
" 153179990","LEONTYNOWO","Kamionka (2926)","15130"
" 153170110","MOTYL","SÍpolna (29274)","15140"
" 153170090","S P”LNO KRAJE—SKIE","Jez. SÍpoleÒskie (2927459)","15141"
" 154170180","WAWRZYNOWO","Wda (294)","15150"
" 153170130","JEZIORNA","Jez. Wdzydze (294379)","15151"
" 153180010","CZARNA WODA","Wda (294)","15160"
" 153180050","B£ DNO","Wda (294)","15170"
" 153180060","KR•PLEWICE","Wda (294)","15180"
" 153189999","PUSTKI","Niechwaszcz (2944)","15190"
" 153189997","OSIEK","Jez. Ka≥Íbie (2945619)","15191"
" 153180040","TLE—","Prusina (2946)","15200"
" 153190020","LISNOWO","Osa (296)","15210"
" 153180150","ROG”èNO 2","Osa (296)","15220"
" 153189993","ROG”èNO 1","Osa (296)","15230"
" 153199996","KARAå","Jez. Karaú (296341)","15231"
" 153190010","åWIECIE NAD OS•","Lutryna (2966)","15240"
" 153199999","SZEMBRUK","GardÍga (2968)","15250"
" 154180010","SARNOWY","Wierzyca (298)","15260"
" 153180030","BOØEPOLE SZLACHECKIE","Wierzyca (298)","15270"
" 154180110","ZAPOWIEDNIK","Wierzyca (298)","15280"
" 153180110","BRODY POMORSKIE","Wierzyca (298)","15290"
" 154189995","SKARSZEWY","Wietcisa (2984)","15300"
" 153180070","RADZIEJEWO","Jez. Borzechowskie Wielkie (29868120)","15301"
" 154189994","KLESZCZEWO","K≥odawa (4866)","15310"
" 154179991","ST ØYCA","Radunia (4868)","15311"
" 154170190","BORUCINO","Jez. RaduÒskie GÛrne (4868119)","15312"
" 154180230","BORUCINO","Radunia (4868)","15314"
" 154170240","BORUCINO","Borucinka (4868114)","15316"
" 154189998","CHMIELONKO","Radunia (4868)","15320"
" 154180040","OSTRZYCE","Jez. Ostrzyckie (48681759)","15324"
" 154180060","GOR CZYNO","Radunia (4868)","15330"
" 154180130","JUSZKOWO","Radunia (4868)","15340"
" 154180270","PRUSZCZ GDA—SKI","Radunia (4868)","153404"
" 154180260","PRUSZCZ GDA—SKI","Kana≥ RaduÒski (48696)","153406"
" 154190010","NOWY DW”R GDA—SKI","Tuja (5146)","15341"
" 153190030","PRABUTY","Jez. DzierzgoÒ (52251)","15342"
" 153180130","KWIDZYN","Liwa (522)","15350"
" 153190040","B•GART","Elblπg (54)","15360"
" 154190080","ØUKOWO","Jez. Druzno (5459999)","15361"
" 154190060","ELBL•G","Elblπg (54)","15362"
" 154190100","PAS£ K","Wπska (5456)","15370"
" 154190110","NOWE SAD£UKI","Bauda (558)","15375"
" 154190120","BARAN”WKA","Bauda (558)","15380"
" 153200040","TOMARYNY","Pas≥Íka (56)","15390"
" 153200030","KALISTY","Pas≥Íka (56)","15395"
" 154209999","OLKOWO","Pas≥Íka (56)","15400"
" 154190170","£OZY","Pas≥Íka (56)","15410"
" 154190150","PIERZCHA£Y 2","Pas≥Íka (56)","15415"
" 154190160","PIERZCHA£Y","Pas≥Íka (56)","15420"
" 154190140","BRANIEWO","Pas≥Íka (56)","15430"
" 153200060","DOROTOWO","Jez. WulpiÒskie (56219)","15431"
" 153209999","BOGACZEWO","Jez. Narie (564219)","15432"
" 154200020","KROSNO","DrwÍca WarmiÒska (566)","15435"
" 154209998","ORNETA","DrwÍca WarmiÒska (566)","15440"
" 154200010","BORNITY","Wa≥sza (568)","15450"
" 153200070","OLSZTYN-KORTOWO","£yna (584)","15460"
" 153209995","BUKWA£D","£yna (584)","15470"
" 154200030","SMOLAJNY","£yna (584)","15480"
" 154209996","BARTOSZYCE","£yna (584)","15490"
" 154210010","S POPOL","£yna (584)","15500"
" 153209994","STAWIGUDA","Jez. Pluszne Wielkie (5842819)","15501"
" 153200140","DADAJ","Jez. Dadaj (584439)","15502"
" 153200190","KOJTRYNY","Wadπg (5844)","155021"
" 153200180","WILIMY","BiesÛwka (584434)","155022"
" 153200200","DROSZEWO","Czerwonka (584432)","155024"
" 153200170","KLIMKOWO","Wadπg (5844)","155025"
" 153200090","SZYPRY","Jez. Wadπg (5844959)","15503"
" 153200120","LELESZKI","Jez. Leleskie (5844819)","15504"
" 153200110","PASYM","Jez. Kalwa (584483399)","15505"
" 153200100","KOåNO","Jez. Koúno (5844859)","15506"
" 153200130","KIKITY","Jez. Luterskie (584619)","15507"
" 154209997","SURYTY","Jez. Blanki (584679)","15508"
" 154200040","PIASECZNO","Elma (58474)","15510"
" 154219998","BIEDASZKI","Guber (5848)","15520"
" 154210020","PROSNA","Guber (5848)","15530"
" 153210030","KIERSZTANOWO","Jez. Juno (5848279)","15531"
" 154219999","BIEDASZKI","Dejna (58482)","15540"
" 154210030","BYKOWO","Sajna (58488)","15550"
" 154210050","LEåNIEWO","Jez. RydzÛwka (58498119)","15551"
" 154219996","HARSZ","Jez. Dargin (582159)","15552"
" 154210060","PRZYSTA—","Jez. Mamry (582199)","15553"
" 154210070","W GORZEWO","WÍgorapa (582)","15555"
" 154210080","PRYNOWO","WÍgorapa (582)","15560"
" 154210100","MIEDUNISZKI","WÍgorapa (582)","15570"
" 154219994","PRZERWANKI","Sapina (58218)","15572"
" 154219995","STR GIELEK","Sapina (58218)","15580"
" 154220050","JURKISZKI","Go≥dapa (5824)","15590"
" 154229999","GO£DAP","Jez. Go≥dap (582439)","15591"
" 154220040","GO£DAP","Go≥dapa (5824)","15600"
" 154220110","GO£DAP 2","Go≥dapa (5824)","15602"
" 154220010","BANIE MAZURSKIE","Go≥dapa (5824)","15610"
" 154220100","KLESZCZ”WEK","Szeszupa (68)","15620"
" 154230010","POSZESZUPIE","Szeszupa (68)","15630"
" 154220080","WR”BEL","Jez. HaÒcza (6413)","15631"
" 154229996","WR”BEL","Czarna HaÒcza (64)","15640"
" 154220090","BR”D STARY","Czarna HaÒcza (64)","15645"
" 154229994","SOBOLEWO","Czarna HaÒcza (64)","15650"
" 154230020","WIGRY","Jez. Wigry (6439)","15651"
" 154230030","CZERWONY FOLWARK","Czarna HaÒcza (64)","15660"
" 153230120","JA£OWY R”G","Czarna HaÒcza (64)","15670"
" 154239999","TARTAK","Piertanka (6434)","15680"
" 153230090","SUCHA RZECZKA","Jez. Serwy (646219)","15681"
" 154230040","ZELWA","Marycha (648)","15690"
" 149220170","KROåCIENKO","Strwiπø (76)","15700"
" 149190240","JAB£ONKA","Czarna Orawa (8222)","15710"
" 149190250","JAB£ONKA","Piekielnik (82224)","15720"
