"250180460","ADAMOWICE","95414"
"254230010","ALEKSANDR”WKA","91908"
"250190430","ALWERNIA","95506"
"250210030","ANNOPOL","95751"
"249199978","ANTA£”WKA"," 6522"
"253229988","AUGUST”W","92838"
"252189994","BABIAK","93420"
"253210080","BABI TA","92730"
"252159995","BABIMOST"," 3150"
"252150270","BABIMOST"," 3152"
"252150270","BABIMOST","93152"
"250170410","BABOR”W","95418"
"252179996","BACHORZEW","93301"
"253220260","BACIUTY","92803"
"254220080","BAKA£ARZEWO","91804"
"250209983","BALICE","95632"
"249220170","BALIGR”D-MCHAWA"," 6808"
"253199991","BA£OSZYCE","92532"
"254220060","BANIE MAZURSKIE","91813"
"249190620","BA—SKA WYØNA","96510"
"251189997","BARAN”W","94412"
"250210150","BARAN”W SANDOMIERSKI","95733"
"250210070","BARAN”WEK","95754"
"254210010","BARCIANY","91708"
"252179999","BARCIN","93355"
"250160410","BARDO åL•SKIE","95223"
"253159992","BARLINEK","92101"
"253229994","BARSZCZOWA G”RA","92843"
"250200010","BARTK”W","95653"
"249210170","BARTNE","96717"
"251210090","BARTODZIEJE","94723"
"254200040","BARTOSZYCE","91613"
"252190080","BARUCHOWO","93524"
"253160050","BARWICE","92226"
"249210240","BARWINEK"," 6708"
"251210270","BASIN”W","94744"
"250229988","BATORZ","95844"
"253190290","B•GART","92555"
"254180120","B•KOWO","91419"
"250180010","B•K”W","95484"
"250209976","BELINA","95654"
"251190110","BE£CHAT”W","94555"
"251199995","BE£CHAT”W"," 4505"
"250239995","BE£ØEC","95908"
"249209976","BEREST","96619"
"249219988","BESKO","96720"
"251230120","BEZEK"," 4902"
"254219997","BEZ£AWKI-WILKOWO","91702"
"253219994","B SIA"," 2751"
"252169989","BIA£A NAD NOTECI•","93250"
"251189992","BIA£A NAD WART•","94413"
"253229990","BIA£A PISKA","92825"
"252239995","BIA£A PODLASKA"," 3903"
"251209995","BIA£A RAWSKA","94636"
"252140180","BIA£CZYK","93053"
"249200450","BIA£KA TATRZA—SKA","96610"
"251200080","BIA£OBRZEGI","94630"
"253220040","BIA£OBRZEGI","92832"
"254159998","BIA£OGARD"," 1101"
"253179993","BIA£OåLIWIE","92304"
"252230120","BIA£OWIEØA"," 3902"
"353230295","BIA£YSTOK","  295"
"253220070","BIEBRZA-PIE—CZYK”WEK"," 2802"
"249210070","BIECZ-GRUDNA"," 6702"
"250170350","BIELICE","95309"
"252149998","BIELINEK","93024"
"250200060","BIELINY KAPITULNE","95646"
"252239998","BIELSK PODLASKI"," 3901"
"349190600","BIELSKO-BIA£A","  600"
"249199993","BIE—K”WKA","96557"
"251150320","BIERNA","94107"
"250190380","BIERU— STARY"," 5508"
"251170270","BIERUT”W","94306"
"250170020","BIESTRZYKOWICE","95357"
"252199990","BIEØU—","93541"
"250229990","BI£GORAJ"," 5803"
"253140080","BINOWO","92015"
"249220060","BIRCZA"," 6803"
"253190130","BISKUPIEC","92522"
"253200030","BISKUPIEC","92652"
"253209997","BISKUPIEC"," 2601"
"252159994","BLEDZEW","93127"
"251160010","B£OTNICA","93201"
"254169997","BOBI CINO","91201"
"251150010","BOBROWICE","94164"
"252179998","BOBROWNIKI"," 3301"
"252170050","BOBROWNIKI","93367"
"251190180","BOBRY","94502"
"249209999","BOCHNIA"," 6601"
"252140120","BOCZ”W","93006"
"252230140","BO∆KI","93910"
"250200040","BODZENTYN"," 5601"
"250140030","BOGATYNIA"," 5001"
"250149999","BOGATYNIA","95050"
"249190170","BOGDAN”WKA","96555"
"251210050","BOGLEWICE","94732"
"250219978","BOGORIA","95738"
"252199994","BOGUCIN"," 3502"
"250219999","BOGUS£AWICE"," 5702"
"250210060","BOGUS£AWICE","95764"
"250160190","BOGUSZ”W-GORCE","95252"
"251169992","BOJANOWO","94240"
"253200110","BOLEJNY","92623"
"250199992","BOLES£AW","95522"
"250160050","BOLES£AWICE","95264"
"250160610","BOLES£AW”W"," 5252"
"252140070","BOLESZKOWICE","93014"
"252169988","BOLEWICKO","93257"
"250160030","BOLK”W","95267"
"252230030","BONDARY"," 3951"
"250190150","BONOWICE","95580"
"252200080","BORKOWO","93661"
"254200050","BORNITY","91651"
"251150040","BOROWIEC","94156"
"253170010","BOROWY M£YN","92360"
"250160070","BOR”W","95348"
"250189987","BORUCIN","95401"
"254170110","BORUCINO","91353"
"254170210","BORUCINO"," 1351"
"250200230","BORUSOWA"," 5606"
"250189981","BORYNIA","95403"
"250200290","BORZ CIN","95605"
"253180010","BOØEPOLE SZLACHECKIE","92447"
"250170430","BRANICE","95303"
"254190040","BRANIEWO","91522"
"252220050","BRA—SK","93832"
"251190010","BRATOSZEWICE","94547"
"249189994","BRENNA","96433"
"249180160","BRENNA"," 6451"
"249180190","BRENNA-LEåNICA","96450"
"252160220","BRODNICA","93215"
"253190210","BRODNICA N/DRW C•","92512"
"252169997","BRODY","93235"
"251210240","BRODY I£ØECKIE","94703"
"253180050","BRODY POMORSKIE","92451"
"251140030","BROØEK (ZASIEKI)","94007"
"253190330","BRUDNICE","92558"
"250180180","BRUSIEK","95460"
"254160010","BRUSKOWO MA£E","91252"
"254169999","BRUSKOWO WIELKIE","91251"
"251239993","BRUSS STARY","94916"
"252200190","BRWIN”W","93657"
"252209995","BRWIN”W"," 3608"
"250180250","BRYNICA","95544"
"250170050","BRZEG","95347"
"251160230","BRZEG DOLNY","94219"
"249229993","BRZEGI DOLNE"," 6806"
"249220130","BRZEGI DOLNE","96851"
"252189987","BRZEå∆ KUJAWSKI","93436"
"251170170","BRZEZIE","94320"
"249210020","BRZEZINY","96739"
"253150240","BRZEèNIAK","92155"
"249190020","BRZEèNICA","96576"
"250219987","BRZEèNICA N/WIS£OK•","95710"
"249219997","BRZOSTEK","96737"
"253190190","BRZOZIE","92514"
"249229994","BRZOZ”W","96828"
"251219990","BRZ”ZA","94726"
"253190350","BRZUZE","92560"
"251159984","BUCHA£”W","94160"
"253179987","BUCZEK MA£Y","92327"
"251150120","BUCZYNA","94142"
"253190010","BUCZYNIEC","92546"
"253190340","BUCZYNIEC","92559"
"252159996","BUDACH”W","93150"
"250219992","BUDY TUSZOWSKIE","95725"
"251169997","BUDZISZ”W MA£Y","94209"
"251160270","BUDZISZ”W WIELKI","94208"
"249220020","BUDZIW”J","96842"
"249199994","BUDZ”W","96560"
"254170070","BUKOWINA","91328"
"249200480","BUKOWINA TATRZA—SKA"," 6626"
"250150260","BUK”WKA","95102"
"251209996","BUK”WNO","94626"
"253220160","BURZYN","92813"
"353170240","BYDGOSZCZ","  240"
"253180220","BYDGOSZCZ"," 2450"
"253170260","BYDGOSZCZ-SZWEDEROWO"," 2351"
"253170260","BYDGOSZCZ-SZWEDEROWO","92367"
"250160550","BYSTRZYCA K£ODZKA","95279"
"250169985","BYSTRZYCA K£ODZKA"," 5209"
"253190320","BYSZWA£D","92557"
"250189975","BYTOM","95439"
"251159989","BYTOM ODRZA—SKI","94150"
"251150060","CEBER"," 4201"
"251160330","CEBER-KOZIE DO£Y"," 4252"
"254179993","CECENOWO"," 1301"
"251189991","CEK”W","94441"
"251210280","CELEJ”W","94750"
"252210230","CELESTYN”W","93772"
"249180030","CHA£UPKI","96424"
"250199995","CHECH£O","95533"
"251230140","CHE£M","94907"
"250160290","CHE£MSKO åL•SKIE","95237"
"251170190","CHE£ST”W","94317"
"251200170","CHE£STY","94611"
"250209995","CHMIELNIK","95635"
"250219994","CHMIEL”W"," 5707"
"251169993","CHOBIENIA","94230"
"251150150","CHOCIAN”W","94136"
"250160430","CHOCIESZ”W","95220"
"251170020","CHOCZ","94347"
"252190110","CHODECZ","93520"
"251220170","CHODEL","94807"
"253169991","CHODZIEØ","92256"
"252140010","CHOJNA","93026"
"353170235","CHOJNICE","  235"
"251150190","CHOJN”W","94129"
"253159993","CHOM TOWO"," 2101"
"253200180","CHORZELE","92611"
"250210180","CHORZEL”W"," 5708"
"250189984","CHORZ”W-MIASTO","95433"
"253150180","CHOSZCZNO","92108"
"252230090","CHRABO£Y","93952"
"250200190","CHROBERZ","95624"
"252180010","CHROåNA","92401"
"250150010","CHROåNICA","95135"
"250190370","CHRZAN”W","95510"
"250189972","CHRZ•STOWICE","95465"
"253170210","CHRZ•STOWO"," 2303"
"251160170","CHWA£KOWICE"," 4250"
"249190590","CHYØNE","96512"
"252179988","CI•ØE—","93315"
"252230190","CICIB”R"," 3950"
"250150130","CIECHANOWICE","95122"
"252220060","CIECHANOWIEC","93829"
"252209986","CIECHAN”W","93650"
"252189999","CIECHOCINEK"," 3401"
"253179990","CIECHOLEWY","92351"
"249210110","CIEKLIN","96722"
"252200070","CIEKSYN","93639"
"250190040","CIEL TNIKI","95574"
"253229991","CIEMNOSZYJE","92824"
"251210150","CIEPIEL”W","94714"
"250220160","CIEPLICE","95813"
"250159998","CIEPLICE åL•SKIE-ZDR”J"," 5102"
"253210240","CIERPI TA","92706"
"250230160","CIESZAN”W"," 5951"
"250239989","CIESZAN”W","95904"
"249180130","CIESZYN"," 6403"
"249209992","CI ØKOWICE"," 6603"
"250190320","CI ØKOWICE","95516"
"251160070","CIO£KOWO","94241"
"249220250","CISNA","96805"
"251180220","CISOWA","94405"
"250200110","CIS”W","95658"
"252140130","CYBINKA","93004"
"250199986","CYKARZEW","95576"
"253169995","CZAPLINEK","92220"
"250219984","CZARNA","95705"
"254179996","CZARNA D•BR”WKA"," 1304"
"251210310","CZARNA KOLONIA","94752"
"253180060","CZARNA WODA","92438"
"250190050","CZARNCA","95572"
"253169996","CZARNE","92224"
"250170170","CZARNOLAS","95329"
"252210020","CZARNOWO","93776"
"252200250","CZARN”W-TOWARZYSTWO","93664"
"249199984","CZARNY DUNAJEC"," 6519"
"251179995","CZARNY LAS","94324"
"251179991","CZARNY SAD","94351"
"251180120","CZARTORYJA","94424"
"251179998","CZATKOWICE","94325"
"249209993","CZCH”W","96647"
"250189991","CZEKAN”W"," 5406"
"250190270","CZELADè","95530"
"251220060","CZEMIERNIKI","94829"
"252170140","CZERNIEJEWO","93327"
"252170380","CZERNIEJEWO II","93372"
"252180030","CZERNIKOWO","93452"
"253179983","CZERSK","92352"
"251160020","CZERWONA WIEå","94253"
"251229997","CZES£AWICE"," 4804"
"251220140","CZES£AWICE","94852"
"350190550","CZ STOCHOWA","  550"
"252219991","CZ£EK”WKA","93706"
"253160170","CZ£OPA","92203"
"253170080","CZ£UCH”W","92343"
"249209978","CZORSZTYN-NADZAMCZE"," 6622"
"252220040","CZYØEW","93834"
"250209998","DALESZYCE","95643"
"251200060","DA—K”W","94656"
"254160020","DAR£OWO"," 1201"
"253150120","DARØ","92154"
"252180250","D•BIE","93405"
"252179995","D•BROWA","93347"
"253239984","D•BROWA BIA£OSTOCKA","92930"
"250200270","D•BROWA TARNOWSKA","95612"
"250200360","D•BROWA TARNOWSKA","95664"
"253179986","D•BR”WKA","92337"
"250170550","D•BR”WKA G”RNA","95362"
"251200270","D•BR”WKA STARA"," 4611"
"251200270","D•BR”WKA STARA","94660"
"252210190","D BE WIELKIE","93722"
"250219990","D BICA"," 5711"
"250219983","D BICA","95704"
"250180050","D BINIEC","95479"
"251210080","D BLIN","94724"
"249200340","D BNO","96661"
"249209972","D BNO"," 6635"
"252189992","D BOWICE","93411"
"253220080","D BOWO","92826"
"252180190","D BY SZLACHECKIE","93417"
"251159998","D£UGIE","94146"
"254190110","D£UGOB”R","91610"
"250160590","D£UGOPOLE-ZDR”J"," 5211"
"249200070","DOBCZYCE"," 6651"
"252150020","DOBIEGNIEW","93142"
"251180030","DOBRA","94443"
"253159997","DOBRA","92126"
"249209989","DOBRA","96637"
"252189996","DOBRE","93440"
"253190030","DOBROCIN"," 2502"
"250180110","DOBRODZIE—","95471"
"250170110","DOBROGOSZCZ"," 5302"
"250160040","DOBROMIERZ","95268"
"254199996","DOBRY","91509"
"253210220","DOBRYLAS","92710"
"253210280","DOBRYLAS","92753"
"251190150","DOBRYSZYCE","94508"
"251200040","DOLECK","94638"
"253159991","DOLICE","92110"
"249199974","DOLINA CHOCHO£OWSKA","96505"
"249200550","DOLINA PI CIU STAW”W"," 6633"
"251170010","DOLSK","94346"
"252220190","DOMANICE","93801"
"251230150","DOROHUSK","94908"
"253209990","DOZINY","92601"
"253230180","DRAHLE","92935"
"253150170","DRAWNO","92152"
"253150110","DRAWSKO POMORSKIE","92124"
"252150070","DREZDENKO","93138"
"250180140","DRONIOWICE","95469"
"250180580","DRONIOWICE"," 5454"
"251200020","DROZDY","94644"
"252160310","DRUØYNA POZNA—SKA","93295"
"253220050","DRYGA£Y","92828"
"251199996","DRZEWOCINY","94526"
"254220040","DUBENINKI","91816"
"251239998","DUBIENKA","94904"
"254229997","DUBOWO","91803"
"249210140","DUKLA"," 6705"
"252190070","DUNIN”W","93526"
"250169994","DUSZNIKI-ZDR”J"," 5206"
"249220260","DWERNIK","96806"
"250160340","DWORKI","95232"
"254150010","DYGOWO","91150"
"249220040","DYN”W"," 6802"
"253210330","DZBENIN","92754"
"252229991","DZIADKOWICE","93824"
"253200190","DZIA£DOWO","92609"
"251180210","DZIA£OSZYN","94407"
"253190090","DZIARNY","92554"
"250190350","DZIE∆KOWICE","95512"
"253190020","DZIERZGO—","92543"
"252169994","DZIERØ•ØNO WIELKIE","93255"
"250160260","DZIERØONI”W","95248"
"250170290","DZIEWI TLICE","95318"
"254140010","DZIWN”W"," 1001"
"254190190","ELBL•G"," 1508"
"354190160","ELBL•G-MILEJEWO","  160"
"253229998","ELØBIECIN","92851"
"253220030","E£K","92834"
"253180180","FAL CIN","92413"
"251209991","FA£K”W","94608"
"252200140","FAMU£KI BROCHOWSKIE","93626"
"253230110","FASTY","92911"
"251229996","FELIN"," 4806"
"250220080","FRAMPOL","95835"
"254209999","FRANKNOWO","91602"
"253180080","FR•CA","92433"
"253209984","FR•CZKI","92642"
"253200120","FR•KNOWO","92651"
"254190050","FROMBORK"," 1505"
"254199999","FROMBORK","91528"
"249219990","FRYSZTAK","96733"
"250230130","FUTORY","95903"
"251210170","GADKA","94707"
"250160380","GAJ”W","95282"
"254200060","GALINY","91608"
"251219991","GARBATKA","94722"
"251230090","GARBAT”WKA","94913"
"253180110","GARDEJA","92429"
"250219982","GAW£USZOWICE","95726"
"251150090","GAWORZYCE","94145"
"252199991","G•BIN","93521"
"354180140","GDA—SK-PORT P”£NOCNY","  140"
"254180090","GDA—SK-R BIECHOWO"," 1407"
"354180150","GDA—SK-R BIECHOWO","  150"
"254180110","GDA—SK-åWIBNO"," 1404"
"354180155","GDA—SK-åWIBNO","  155"
"254189999","GDA—SK-WRZESZCZ"," 1408"
"249209996","GD”W","96652"
"254180060","GDYNIA"," 1402"
"254180230","GDYNIA D•BROWA","91455"
"254180220","GDYNIA OKSYWIE","91454"
"252180130","G BICE","93437"
"249190040","GIERA£TOWICE","96572"
"250150070","GIERCZYN","95126"
"253200040","GIETRZWA£D","92635"
"249199991","GILOWICE","96549"
"253199999","GIRGAJNY","92540"
"253220010","GIØE","91801"
"254219999","GIØYCKO"," 1702"
"252150030","GIØYN","93141"
"253149993","GIØYN K/SZCZECINA","92012"
"249219992","GLINIK MARIAMPOLSKI","96750"
"250189986","GLIWICE","95432"
"252170360","G£ BOCKO","93370"
"252180090","G£ BOKIE","93459"
"252189985","G£ BOKIE"," 3404"
"252190030","G£ODOWO"," 3501"
"251160080","G£OG”W","94236"
"250170310","G£OG”WEK","95313"
"254210030","G£OWBITY","91707"
"250170390","G£UBCZYCE"," 5309"
"","G£UBCZYCE II"," 5351"
"250170330","G£UCHO£AZY"," 5308"
"251209987","G£UCH”W","94635"
"250209975","G£UCH”W","95659"
"250169990","G£USZYCA","95241"
"250169999","GNIECHOWICE","95275"
"253189997","GNIEW","92440"
"252170110","GNIEZNO"," 3303"
"249200060","GNOJNIK","96665"
"249180050","GOCZA£KOWICE-ZDR”J","96426"
"250190260","GOLCZOWICE","95534"
"250179997","GOLCZOWICE OPOLSKIE","95342"
"253140060","GOLENI”W"," 2004"
"253140070","GOLENI”W","92021"
"249189986","GOLESZ”W","96412"
"252170020","GO£A—CZ","93357"
"254220030","GO£DAP"," 1801"
"249180060","GO£KOWICE","96452"
"252200040","GO£OTCZYZNA","93644"
"254180130","GOR CZYNO","91453"
"249210090","GORLICE","96723"
"251199982","GORZKOWICE","94512"
"250239991","GORZK”W","95932"
"352150300","GORZ”W WIELKOPOLSKI","  300"
"252150120","GORZY—"," 3101"
"250160110","GOSTK”W","95261"
"253160160","GOSTOMIA","92206"
"252190090","GOSTYNIN","93522"
"252150080","GOåCIM","93136"
"250170190","GOWOROWICE","95328"
"252140060","GOZDOWICE","93015"
"251160090","G”RA","94238"
"251210010","G”RA KALWARIA","94739"
"250189993","G”RA åW.ANNY"," 5403"
"253239989","G”RANY","92914"
"249180140","G”RKI WIELKIE","96413"
"252179983","G”RKI ZAGAJNE","93363"
"254200030","G”ROWO I£AWECKIE","91614"
"251150080","GRABIK"," 4101"
"251159992","GRABISZYCE G”RNE","94101"
"251219996","GRABOWIEC"," 4707"
"250239999","GRABOWIEC","95926"
"251210210","GRABOWIEC","94743"
"249229987","GRABOWNICA"," 6804"
"251170150","GRABOWNICA"," 4303"
"253229999","GRAJEWO","92827"
"253210320","GR•DY PODMIEJSKIE","92750"
"250219996","GR B”W","95736"
"249209973","GRODKOWICE","96656"
"250170140","GRODK”W"," 5303"
"252189993","GRODZIEC","93402"
"250180130","GRODZIEC","95468"
"252220070","GRODZISK","93826"
"252169991","GRODZISK WIELKOPOLSKI","93220"
"250220170","GRODZISKO DOLNE","95808"
"253230130","GR”DEK","92908"
"252200090","GR”DKOWO","93631"
"253200220","GRUDUSK","92603"
"253180150","GRUDZI•DZ"," 2403"
"252170130","GRUSZCZYN","93326"
"249209988","GRUSZOWIEC","96634"
"249200230","GRYB”W","96628"
"253140110","GRYFINO","92014"
"251150340","GRYF”W åL•SKI","94110"
"251159985","GRYØYCE","94147"
"252150210","GRYØYNA","93110"
"252160140","GRZEBIENISKO","93231"
"250169987","GRZ DY","95251"
"253160040","GRZMI•CA","92230"
"254160090","GRZYBNICA","91202"
"249199979","GUBA£”WKA"," 6521"
"249190650","GUBA£”WKA","96578"
"251140010","GUBIN","94011"
"252210010","GUTY DUØE","93764"
"253170050","GWIEèDZIN","92347"
"249219991","HACZ”W","96725"
"252230110","HAJN”WKA","93913"
"249200540","HALA G•SIENICOWA"," 6632"
"349200628","HALA G•SIENICOWA","  628"
"249199972","HALA LIPOWSKA","96517"
"249190680","HALA ORNAK"," 6526"
"250189976","HALEMBA","95427"
"251230080","HA—SK","94915"
"249190510","HARKABUZ","96519"
"354180135","HEL","  135"
"250189971","HERBY NOWE","95472"
"253239996","HO£ODOLINA","92926"
"254189998","HOPOWO"," 1405"
"250239990","HORYNIEC"," 5950"
"250239997","HRUBIESZ”W","95924"
"251239995","HRUSZ”W","94905"
"249220030","HUCISKO JAWORNICKIE","96838"
"249229999","HUS”W","96844"
"249200350","HUTA","96615"
"250190130","HUTKI","95561"
"250200280","IGO£OMIA"," 5608"
"253199997","I£AWA","92528"
"251159995","I£OWA","94139"
"252200130","I£”W","93627"
"251210160","I£ØA","94709"
"250160020","IMBRAMOWICE","95272"
"252189998","INOWROC£AW"," 3402"
"249190090","INWA£D"," 6503"
"253150140","I—SKO","92120"
"249180260","ISTEBNA-KUBALONKA"," 6408"
"249180270","ISTEBNA-M£ODA G”RA","96403"
"249180280","ISTEBNA-STEC”WKA","96404"
"249180290","ISTEBNA-WIEå","96402"
"249189989","ISTEBNA-ZAOLZIE"," 6406"
"251180080","IWANOWICE","94429"
"250199991","IWANOWICE","95517"
"251150230","IWINY","94124"
"249209994","IWKOWA","96646"
"249210150","IWONICZ-ZDR”J"," 6706"
"254170180","IZBICA","91355"
"252180160","IZBICA KUJAWSKA","93429"
"249229985","IZDEBKI","96832"
"249190560","JAB£ONKA"," 6518"
"252180180","JAB£ONKA","93423"
"252160190","JAB£ONNA","93219"
"252209989","JAB£ONNA","93629"
"253199996","JAB£ONOWO","92518"
"253220270","JAB£ONOWO-WYPYCHY"," 2856"
"250209987","JADOWNIKI MOKRE","95611"
"250150180","JAGNI•TK”W","95114"
"252180040","JAKSICE","93448"
"252180330","JAKSICE II","93462"
"250179995","JAKUBOWICE","95301"
"250200260","JAKUBOWICE","95613"
"250150170","JAKUSZYCE"," 5150"
"250159999","JAKUSZYCE","95113"
"253230060","JA£”WKA","92951"
"250150040","JANICE","95132"
"251169990","JANISZEWO","94244"
"250199975","JANKOWICE","95578"
"252170060","JANOWIEC WIELKOPOLSKI","93348"
"253230030","JAN”W","92923"
"250220070","JAN”W LUBELSKI","95838"
"250190010","JANUSZEWICE","95577"
"251210040","JARCZEW"," 4702"
"250150230","JARKOWICE","95103"
"252220140","JARNICE","93854"
"250170340","JARNO£T”WEK","95311"
"252219985","JARNUTY","93767"
"250220120","JAROCIN"," 5802"
"250220210","JAROS£AW","95801"
"251190230","JAROSTY","94556"
"249200170","JASIENNA","96639"
"249200250","JASION”W","96623"
"249210080","JAS£O","96756"
"249219995","JAS£O","96729"
"254180030","JASTARNIA","91433"
"253160110","JASTROWIE","92214"
"249200130","JASTRZ BIA"," 6650"
"249189998","JASTRZ BIE"," 6450"
"249189997","JASTRZ BIE","96451"
"249189996","JASTRZ BIE-ZDR”J"," 6401"
"253230010","JASTRZ BNA PIERWSZA","92950"
"250210090","JASTRZ BSKA WOLA","95762"
"251180240","JASTRZYGOWICE","94401"
"253190050","JAåKOWO","92537"
"249210250","JAåLISKA","96707"
"249190010","JAWISZOWICE","96575"
"251160290","JAWOR","94205"
"249200440","JAWORZYNA KRYNICKA","96666"
"249209975","JAZOWSKO","96622"
"251229994","JEDLANKA","94840"
"249219985","JEDLICZE","96728"
"250160220","JEDLINA-ZDR”J","95247"
"253210250","JEDNOROØEC","92705"
"251170320","JELCZ-LASKOWICE"," 4350"
"350150500","JELENIA G”RA","  500"
"253200080","JEMIO£OWO","92626"
"253190060","JERZWA£D","92536"
"252180350","JEZIORKI","93464"
"253170020","JEZIORNA","92359"
"252169996","JEZIORY"," 3205"
"251190040","JEØ”W","94552"
"254160040","JEØYCZKI","91218"
"250209978","J DRZEJ”W","95636"
"250200340","J DRZEJ”W-SUD”£"," 5664"
"250230170","J DRZEJ”WKA","95934"
"250229982","JOANIN","95846"
"249219998","JOD£OWA","96736"
"250160720","JOD£OWNIK","95284"
"249200110","JOD£OWNIK"," 6602"
"249190250","JORDAN”W","96539"
"250230060","J”ZEF”W","95911"
"253239993","JUCHNOWIEC DOLNY","92902"
"253169986","JUCHOWO","92252"
"254200020","JUDYTY","91616"
"250169996","JUG”W","95233"
"250150110","KACZOR”W","95125"
"249180110","KACZYCE","96418"
"250180160","KAD£UB-PIEC","95462"
"253210230","KADZID£O","92708"
"253180140","KALISKA","92423"
"351180435","KALISZ","  435"
"249220270","KALNICA","96853"
"249190110","KALWARIA ZEBRZYDOWSKA","96567"
"249190810","KALWARIA ZEBRZYDOWSKA","96599"
"249190380","KAMESZNICA","96532"
"249209990","KAMIENICA"," 6610"
"250160620","KAMIENICA","95276"
"253170140","KAMIENICA","92329"
"250160390","KAMIENIEC Z•BKOWICKI","95224"
"253150230","KAMIENNA","92104"
"250160150","KAMIENNA G”RA","95254"
"253170120","KAMIE— KRAJE—SKI","92334"
"253149996","KAMIE— POMORSKI"," 2001"
"253230040","KAMIONKA","92922"
"251230130","KANIE","94906"
"251140020","KANI”W","94010"
"249220010","KA—CZUGA","96845"
"252150230","KARGOWA","93104"
"250180020","KARMONKI NOWE","95483"
"250150220","KARPACZ"," 5105"
"254170150","KARPNO","91308"
"253149990","KARSIB”R","92029"
"253160120","KARSIB”R","92211"
"253160230","KARSIB”R II","92259"
"253140020","KARTLEWO","92026"
"254189996","KARTUZY","91421"
"254170040","KARØNICZKA"," 1302"
"253180240","KASPARUS"," 2406"
"349190650","KASPROWY WIERCH","  650"
"254200070","KASZUNY","91606"
"250190530","KATOWICE PYRZOWICE"," 5550"
"350190560","KATOWICE-MUCHOWIEC","  560"
"252209996","KAW CZYN"," 3607"
"252200180","KAW CZYN","93660"
"251219998","KAZIMIERZ DOLNY","94716"
"250200240","KAZIMIERZA MA£A","95617"
"254190210","K•TY RYBACKIE","91529"
"251160310","K•TY WROC£AWSKIE","94204"
"250180620","K DZIERZYN-KOèLE"," 5455"
"251220190","K PA","94805"
"250190190","K PIE","95545"
"251189998","K PNO","94414"
"354210185","K TRZYN","  185"
"249190070","K TY","96568"
"350200570","KIELCE-SUK”W","  570"
"251180170","KIE£CZYG£”W","94452"
"250180530","KIETRZ","95411"
"253200010","KIKITY","92647"
"253200240","KIKITY II","92655"
"253199993","KISIELICE","92529"
"252230070","KLEJNIKI","93916"
"252230150","KLESZCZELE","93907"
"252170280","KL KA","93306"
"249199973","KLIKUSZOWA","96516"
"250210120","KLIMONT”W","95739"
"250200130","KLISZ”W","95634"
"253179991","KLONOWO","92326"
"253160060","KLUCZEWO","92223"
"254170170","KLUKI","91354"
"254179994","KLUKOWA HUTA","91319"
"250180040","K£OBUCK","95482"
"253169987","K£ODA","92251"
"252180210","K£ODAWA","93415"
"252180320","K£ODAWA II","93461"
"350160520","K£ODZKO","  520"
"251169987","K£ONICE","94201"
"254190120","KMIECIN"," 1503"
"250180550","KOBI”R","95410"
"250189998","KOBYLNO","95475"
"250190060","KOBY£CZYCE","95582"
"250180120","KOCHCICE"," 5453"
"249190180","KOCIERZ MOSZCZANICKI","96552"
"251229995","KOCK","94827"
"251230010","KODE—","94927"
"250219988","KOLBUSZOWA"," 5709"
"250210220","KOLBUSZOWA","95761"
"253219999","KOLNO","92716"
"252200280","KOLONIA KAW CZYN","93667"
"251230170","KOLONIA ZAKR CIE","94950"
"352180345","KO£O","  345"
"354150100","KO£OBRZEG-DèWIRZYNO","  100"
"252189997","KO£ODZIEJEWO","93441"
"252180080","KO£UDA WIELKA"," 3403"
"249220180","KOMA—CZA"," 6809"
"250159994","KOMARNO","95128"
"252210040","KOMOROWO","93773"
"249189993","KONIAK”W","96401"
"250190070","KONIECPOL","95570"
"250200090","KONIECZNO","95642"
"252180220","KONIN","93413"
"252160210","KONOJAD","93214"
"253189992","KO—CZEWICE"," 2404"
"251200180","KO—SKIE","94610"
"250150120","KOPANIEC","95123"
"250200150","KOPERNIA","95630"
"253179998","KOPERNICA","92361"
"250170730","KOPICE","95363"
"249190440","KORBIEL”W","96523"
"250170240","KORFANT”W"," 5304"
"253170170","KORONOWO","92319"
"253180070","KORZENIEWO","92435"
"254169995","KORZYBIE","91217"
"252140140","KOSARZYN","93001"
"253170040","KOSOBUDY","92354"
"253190170","KOSTKOWO","92517"
"252170160","KOSTRZYN","93324"
"252140090","KOSTRZYN NAD ODR•","93010"
"354160105","KOSZALIN","  105"
"254169998","KOSZALIN-ZEGRZE"," 1204"
"249190340","KOSZARAWA","96537"
"252160240","KOåCIAN","93211"
"252160340","KOåCIAN II","93259"
"249190660","KOåCIELISKO-KIRY","96507"
"251150140","KOåCIELNA WIEå","94135"
"251189994","KOåCIERZYN"," 4450"
"254170140","KOåCIERZYNA"," 1305"
"251209986","KOåMIN","94639"
"252169993","KOTUSZ","93210"
"254220070","KOWALE OLECKIE","91807"
"253180230","KOWALEWO","92408"
"249200310","KOWANIEC","96617"
"250150190","KOWARY","95112"
"251210070","KOZICE (ØYCZYN)","94729"
"351210488","KOZIENICE","  488"
"250180320","KOèLE","95437"
"249200030","KOèMICE WIELKIE","96658"
"251170050","KOèMIN WIELKOPOLSKI","94338"
"251189999","KOèMINEK","94437"
"251159999","KOØUCH”W","94165"
"252170210","K”RNIK"," 3305"
"253160140","KRAJENKA","92316"
"250190410","KRAK”W HISTORYCZNE"," 5510"
"350190566","KRAK”W-BALICE","  566"
"250199987","KRAK”W-BIELANY-KLASZTOR","95505"
"250209979","KRAK”W-£ G","95604"
"250190390","KRAK”W-OBSERWATORIUM"," 5511"
"250199984","KRAK”W-SWOSZOWICE","95501"
"250190470","KRAK”W-WOLA JUSTOWSKA"," 5551"
"252189991","KRAMSK","93416"
"250170270","KRAPKOWICE","95323"
"249229995","KRASICZYN","96833"
"251220120","KRASIENIN","94818"
"249210060","KRASNA","96731"
"252209993","KRASNE","93652"
"253239995","KRASNE","92932"
"251239997","KRASNYSTAW"," 4903"
"250209981","KRASOCIN","95648"
"251180110","KRASZEWICE","94425"
"252200270","KRASZEWO","93666"
"250229987","KRAåNIK LUBELSKI","95848"
"254160070","KR•G","91212"
"249210180","KREMPNA","96712"
"250190170","KR CIWILK","95581"
"250219997","KR PA G”RNA","95755"
"249219993","KROSNO"," 6704"
"349210670","KROSNO","  670"
"252159998","KROSNO ODRZA—SKIE","93103"
"249200370","KROåCIENKO"," 6618"
"251169988","KROåCINA MA£A"," 4204"
"251170110","KROTOSZYN","94331"
"250189988","KR”L”WKA","95412"
"250180190","KRUPSKI M£YN","95459"
"251190080","KRUSZ”W","94528"
"254179997","KRUSZYNA","91323"
"249200470","KRYNICA"," 6623"
"252229994","KRYNICA","93813"
"254190030","KRYNICA MORSKA","91523"
"249209980","KRYNICA-G”RA PARKOWA"," 6624"
"250239987","KRYNICE","95916"
"253220170","KRYPNO KOåCIELNE","92814"
"250180430","KRYWA£D","95424"
"249190280","KRZECZ”W","96546"
"251160050","KRZEMIENIEWO","94248"
"250189999","KRZEPICE","95486"
"252190170","KRZEPOCINEK","93501"
"250199989","KRZESZOWICE","95508"
"250160180","KRZESZ”W","95250"
"252150090","KRZESZYCE","93130"
"253150220","KRZ CIN","92106"
"253200210","KRZYNOW£OGA MA£A","92607"
"253149995","KRZYWIN GRYFICKI","92004"
"252150050","KRZYØ"," 3202"
"253229997","KRZYØEWO"," 2805"
"250200170","KSI•Ø WIELKI","95625"
"253209998","KSI•ØNIK","92645"
"251170390","KSI GINICE","94353"
"250169989","KUDOWA ZDR”J"," 5251"
"250160450","KUDOWA-ZDR”J","95283"
"253190310","KULIGI","92556"
"250170070","KUP","95346"
"254190090","KUROWO BRANIEWSKIE","91550"
"253210270","KURPIE","92703"
"251210250","KURZACZE","94704"
"252160010","KUèNICA CZARNKOWSKA","93253"
"249199963","KUèNICE"," 6523"
"249199977","KUèNICE","96593"
"250219993","KWAS”W","95728"
"251169996","KWIETNO"," 4205"
"249190240","LACHOWICE KRALE","96579"
"253229996","LACHOWO","92820"
"252229992","LACH”WKA","93821"
"249190480","LALIKI"," 6551"
"252150240","LASKI","93101"
"252210110","LASKI","93747"
"250169991","LAS”WKA","95212"
"250229992","LASZKI","95802"
"252179994","L•D","93313"
"250160520","L•DEK-ZDR”J"," 5208"
"254209998","LECHOWO","91609"
"252200120","LEGIONOWO"," 3603"
"351160415","LEGNICA","  415"
"254200010","LELKOWO","91617"
"250190110","LEL”W","95563"
"253210190","LESINY WIELKIE","92714"
"349220690","LESKO","  690"
"249190140","LESKOWIEC"," 6505"
"249220120","LESZCZOWATE","96819"
"252200260","LESZNO","93665"
"351160418","LESZNO","  418"
"251150330","LEåNA","94108"
"253189998","LEåNA HUTA","92441"
"250189992","LEåNICA","95447"
"250160470","LEWIN K£ODZKI","95217"
"250229995","LEØAJSK"," 5805"
"354170125","L BORK","  125"
"250190160","LGOTA G”RNA"," 5504"
"249190030","LIBERT”W"," 6501"
"253190220","LIDZBARK"," 2505"
"254200080","LIDZBARK WARMI—SKI"," 1601"
"249199982","LIGAS”WKA-Z•B","96580"
"250180230","LIGOTA G”RNA","95491"
"251170240","LIGOTA PI KNA","94312"
"250189985","LIGOTA TWORKOWSKA","95405"
"249200180","LIMANOWA"," 6605"
"253140130","LINIE","92010"
"250169986","LIPA","95273"
"249229984","LIPA","96847"
"250229999","LIPA","95836"
"253239988","LIPINA","92917"
"250180350","LIPINY","95435"
"249209995","LIPNICA DOLNA","96650"
"249190920","LIPNICA WIELKA","98501"
"253149998","LIPNIK (LIPKI)"," 2003"
"249190290","LIPOWA","96540"
"254199995","LIPOWINA"," 1550"
"254180170","LISEWO"," 1406"
"254189991","LISEWO","91452"
"250219986","LISIA G”RA","95707"
"251169998","LISIEC","94222"
"251180050","LISK”W","94451"
"253150130","LISOWO","92119"
"252229998","LIWSKIE MOSTY","93815"
"250160170","LUBACH”W","95256"
"250239994","LUBACZ”W"," 5904"
"252189989","LUBANIE","93445"
"251159990","LUBA—","94118"
"254180160","LUBA—","91406"
"251220090","LUBART”W","94822"
"249219987","LUBATOWA","96754"
"253190120","LUBAWA","92523"
"251159983","LUBIAT”W","94161"
"250170040","LUBICZ","95352"
"251199985","LUBIE—","94513"
"249190230","LUBIE—","96551"
"251150020","LUBI CIN","94159"
"252150130","LUBIKOWO","93128"
"251160190","LUBIN","94225"
"252150180","LUBINICKO-åWIEBODZIN"," 3104"
"351220495","LUBLIN-RADAWIEC","  495"
"250189996","LUBLINIEC"," 5402"
"252150140","LUBNIEWICE","93151"
"251209988","LUBOCHNIA","94628"
"251150350","LUBOMIERZ","94103"
"250160120","LUBOMIN","95258"
"254200090","LUBOMINO","91603"
"252170340","LUBONIEC","93368"
"249190320","LUBO— WIELKI"," 6639"
"250179993","LUBOTY—","95304"
"251149996","LUBSKO","94009"
"251190020","LU∆MIERZ","94553"
"251199999","LU∆MIERZ"," 4501"
"249200090","LUS£AWICE","96651"
"252150160","LUTOL SUCHY","93117"
"251190090","LUTOS£AWICE RZ•DOWE","94523"
"249220230","LUTOWISKA","96807"
"253170150","LUT”WKO","92328"
"253200230","LUTRY","92654"
"250180330","£AB DY","95436"
"253150070","£AB DZIE","92129"
"252189986","£AB DZIN","93455"
"252179984","£ABISZYN","93358"
"249209971","£ABOWA"," 6614"
"249200280","£ABOWA","96662"
"250160140","£AGIEWNIKI","95259"
"250220190","£A—CUT","95805"
"249200080","£APAN”W","96649"
"249200460","£APSZE NIØNE","96611"
"253190110","£ASIN","92524"
"251190070","£ASK","94530"
"251200150","£AZISKA"," 4605"
"252220080","£AZ”W","93823"
"249200020","£AZY"," 6652"
"250190220","£AZY","95540"
"249200260","£•CKO"," 6612"
"250179992","£•KA","95315"
"354170120","£EBA","  120"
"250180080","£EBKI","95473"
"251220150","£ CZNA","94816"
"251210060","£ KAWICA","94730"
"251140040","£ KNICA","94003"
"253210020","£ ØANY","92739"
"254170120","£OBZOWO","91309"
"253179989","£OBØENICA"," 2302"
"249190210","£ODYGOWICE","96548"
"251209997","£OKIETKA","94620"
"251230020","£OMAZY","94926"
"252179992","£OM”W","93308"
"249200320","£OPUSZNA"," 6616"
"252229996","£OSICE","93810"
"250179998","£OSI”W"," 5350"
"252190150","£OWICZ","93507"
"250229984","£OWISKO","95816"
"251150130","£OZY","94137"
"351190465","£”Dè-LUBLINEK","  465"
"251199983","£”Dè-WIDZEW","94540"
"252150040","£UBIANKA","93140"
"250180260","£UBIE G”RNE","95448"
"252209990","£UBIEC","93624"
"251229991","£UBKI","94851"
"251170230","£UCZYNA","94315"
"251220020","£UK”W","94838"
"254170090","£UPAWSKO","91351"
"249200530","£YSA POLANA"," 6631"
"251199986","£YSZKOWICE","94550"
"250190310","MACZKI","95521"
"249199969","MAGURKA","96559"
"250210160","MAJDAN KR”LEWSKI","95763"
"250239993","MAJDAN WIELKI","95914"
"252220170","MAKAR”WKA","93805"
"250180410","MAKOSZOWY","95429"
"249190190","MAK”W PODHALA—SKI"," 6507"
"254199994","MALBORK","91503"
"254170050","MALCZKOWO","91329"
"251160240","MALCZYCE","94216"
"250200080","MA£OGOSZCZ","95644"
"253200090","MA£SZEWO","92628"
"250199976","MA£USY WIELKIE","95569"
"253210060","MARADKI","92735"
"253220180","MARIANOWO"," 2804"
"253220330","MARIANOWO II"," 2858"
"252140150","MASZEWO","93002"
"253159996","MASZEWO","92121"
"250239983","MATCZE","95933"
"251210260","MAZAN”W","94702"
"249180070","MAZA—COWICE","96421"
"253170290","M•KOWARSKO","92369"
"253179996","M•KOWARSKO","92323"
"250190420","M TK”W","95504"
"253220240","M ØENIN","92804"
"252160030","MIA£Y","93247"
"254160110","MIASTKO"," 1202"
"252219996","MI•SE","93742"
"252239996","MICHA£KI","93902"
"252160150","MICHORZEWO","93229"
"252160330","MICHORZEWO II","93297"
"251220080","MICH”W","94824"
"254159999","MIECH CINO","91105"
"250200210","MIECH”W"," 5604"
"252209994","MIEDNIEWICE","93603"
"350210577","MIELEC","  577"
"250210210","MIELEC","95765"
"253140150","MIEL CIN","92003"
"253169992","MIEL CIN","92204"
"253209987","MIELNO"," 2603"
"254160050","MIELNO","91214"
"250160310","MIEROSZ”W","95238"
"252149996","MIESZKOWICE","93016"
"251170180","MI DZYB”RZ","94319"
"249190130","MI DZYBRODZIE BIALSKIE"," 6506"
"250160630","MI DZYG”RZE","95207"
"250160650","MI DZYLESIE","95202"
"251220010","MI DZYRZEC PODLASKI","94842"
"252150150","MI DZYRZECZ","93123"
"252239994","MIK£ASZE","93912"
"252190060","MIKO£AJEWO","93550"
"353210280","MIKO£AJKI","  280"
"250189978","MIKO£”W","95422"
"254170060","MIKOROWO","91352"
"253210360","MIKOSZE","92757"
"251199998","MIKULIN","94554"
"253179999","MILACHOWO","92358"
"251199990","MILEJ”W","94518"
"251170140","MILICZ","94326"
"249190410","MIL”WKA","96521"
"252160040","MI£KOWO","93248"
"250159996","MI£K”W","95111"
"250219985","MI£OCIN","95708"
"254180180","MI£ORADZ","91401"
"254189995","MIRACHOWO","91423"
"251180150","MIRK”W","94450"
"250229991","MIROCIN"," 5850"
"253160130","MIROS£AWIEC","92210"
"250150510","MIRSK","95137"
"249200360","MIZERNA"," 6636"
"353200270","M£AWA","  270"
"250160540","M£OTY","95278"
"253210040","M£YNOWO","92736"
"249230010","M£YNY","96902"
"250209982","MNISZEK","95639"
"252190050","MOCHOWO","93535"
"352200362","MODLIN","  362"
"252189990","MODZEROWO","93421"
"250180440","MODZUR”W","95421"
"252179986","MOGILNO","93342"
"253190230","MOKRY LAS","92553"
"253220150","MO—KI","92818"
"253220310","MO—KI","92852"
"250209977","MORAWICA","95641"
"252220160","MORDY","93809"
"249200910","MORSKIE OKO"," 6634"
"249200560","MORSKIE OKO","96660"
"252149997","MORY—","93022"
"252160180","MOSINA","93222"
"251230050","MOSTY","94921"
"251199988","MOSZCZENICA","94524"
"253170280","MOTYL","92368"
"253210340","MR•GOWO","92755"
"251200190","MROCZK”W","94609"
"249189999","MSZANA","96429"
"249209986","MSZANA DOLNA"," 6607"
"249200980","MSZANA DOLNA"," 6669"
"251200010","MSZCZON”W","94643"
"250190330","MURCKI","95513"
"249200490","MUSZYNA"," 6628"
"249229992","MYCZKOWCE","96813"
"250150140","MYS£AKOWICE","95119"
"250160080","MYS£AK”W","95262"
"250190540","MYSZK”W","95553"
"253210210","MYSZYNIEC"," 2750"
"249199995","MYåLENICE","97513"
"252140020","MYåLIB”RZ","93023"
"254199997","MYåLIWIEC","91516"
"250209996","NAG£OWICE","95637"
"252170170","NAGRADOWICE","93319"
"251229993","NA£ CZ”W"," 4805"
"251170290","NAMYS£”W"," 4304"
"252230040","NAREW","93920"
"252230230","NAREW ATSO","93954"
"252230240","NAREWKA","93953"
"252230060","NAREWKA","93918"
"250230090","NAROL","95907"
"249200420","NIEDZICA"," 6654"
"250169988","NIEDèWIEDNIK","95230"
"253210150","NIEDèWIEDZIE","92720"
"249209983","NIEDèWIEDè","96625"
"252210090","NIEG”W","93770"
"252219997","NIEG”W"," 3703"
"250230020","NIELISZ"," 5952"
"250160230","NIEMCZA","95249"
"252229993","NIEMOJKI","93812"
"250160640","NIEMOJ”W","95201"
"252209997","NIEPOKALAN”W"," 3606"
"254170220","NIESIO£OWICE-RZEPISKA","91357"
"254170130","NIEZABYSZEWO","91310"
"250190020","NIEZNANICE","95575"
"253179994","NIEØYCHOWO","92308"
"253219996","NIKUTOWO"," 2701"
"250199982","NIWKA","95518"
"250180070","NIWKI","95490"
"252160090","NOJEWO","93240"
"250210020","NOS”W","95752"
"250190360","NOWA G”RA","95511"
"250169993","NOWA MORAWA","95206"
"254190020","NOWA PAS£ KA","91526"
"250169995","NOWA RUDA","95228"
"250160370","NOWA RUDA-S£UPIEC","95227"
"250210040","NOWA S£UPIA","95750"
"251150050","NOWA S”L","94166"
"252209992","NOWA SUCHA","93609"
"251229998","NOWA WIEå"," 4803"
"251220110","NOWA WIEå","94853"
"252170260","NOWA WIEå PODG”RNA","93310"
"253169989","NOWA WIEå UJSKA"," 2203"
"252180020","NOWA WIEå WIELKA","93453"
"252180340","NOWA WIEå WIELKA II","93463"
"253239994","NOWA WOLA","92901"
"249190640","NOWE BYSTRE","96509"
"249199981","NOWE BYSTRE-S£ODYCZKI","96582"
"252230080","NOWE MASIEWO","93917"
"252209987","NOWE MIASTO","93640"
"253190150","NOWE MIASTO","92520"
"253150060","NOWOGARD","92130"
"251150220","NOWOGRODZIEC","94123"
"253219995","NOWOGR”D","92709"
"251150030","NOWOGR”D BOBRZA—SKI","94154"
"252239999","NOWOSADY","93915"
"252230010","NOWOSADY","93923"
"249220090","NOWOSIELCE","96850"
"253230170","NOWOSI”£KI","92952"
"253230150","NOWOSI”£KI","92912"
"249220110","NOWOTANIEC","96817"
"253239987","NOWOWOLA","92924"
"253220280","NOWY CYDZYN"," 2855"
"249190330","NOWY DW”R"," 6510"
"253239985","NOWY DW”R","92929"
"252209998","NOWY DW”R MAZOWIECKI","93633"
"253199990","NOWY FOLWARK","92539"
"250160570","NOWY GIERA£T”W","95211"
"253180170","NOWY JASINIEC","92418"
"250230120","NOWY LUBLINIEC"," 5905"
"253200070","NOWY RAMUK","92631"
"349200660","NOWY S•CZ","  660"
"254190130","NOWY STAW","91510"
"249200960","NOWY TARG-KOWANIEC","96668"
"254189993","NOWY WIEC","91407"
"249209998","NOWY WIåNICZ","96653"
"249210120","NOWY ØMIGR”D","96719"
"252230160","NURZEC","93906"
"250170230","NYSA","95325"
"249190520","OBIDOWA"," 6516"
"254170030","OBJAZDA","91335"
"250200350","OBL GOREK","95665"
"250200030","OBL G”R","95652"
"251160220","OBORNIKI åL•SKIE","94221"
"252160080","OBORNIKI WIELKOPOLSKIE","93241"
"252160320","OBORNIKI WIELKOPOLSKIE II","93296"
"250229996","OBSZA","95817"
"249180080","OCHABY","96419"
"249209981","OCHOTNICA DOLNA","96621"
"249200290","OCHOTNICA G”RNA","96620"
"253189991","OCYPEL","92437"
"251170130","ODOLAN”W","94327"
"251200110","ODRZYW”£","94622"
"253229989","OGR”DEK","92831"
"250190340","OJC”W","95515"
"251159994","OKMIANY","94127"
"253160080","OKONEK","92219"
"250209997","OKSA","95638"
"254169996","OKUNINO","91204"
"254220090","OLECKO"," 1802"
"250189970","OLESNO","95480"
"250209990","OLESNO"," 5607"
"250190290","OLEWIN"," 5506"
"252199993","OLGANOWO","93525"
"250199993","OLKUSZ"," 5519"
"252229995","OLSZANKA","93807"
"253200060","OLSZEWKI","92650"
"353200272","OLSZTYN","  272"
"252230180","OLSZYN","93951"
"250170030","O£AWA","95353"
"250179999","O£AWA"," 5310"
"250160510","O£DRZYCHOWICE K£ODZKIE","95216"
"250199997","O£UDZA","95554"
"252169990","OPALENICA","93225"
"252199999","OPATOWIEC","93527"
"250159997","OPAWA","95101"
"252190140","OPIESIN","93551"
"252199996","OPIESIN-G£OGOWA"," 3550"
"251200130","OPOCZNO","94651"
"251209999","OPOCZNO"," 4603"
"350170530","OPOLE","  530"
"251219997","OPOLE LUBELSKIE"," 4706"
"251210190","OPOLE LUBELSKIE","94742"
"254209996","ORNETA","91605"
"249210160","ORZECH”WKA","96757"
"250180480","ORZESZE","95416"
"252230130","ORZESZKOWO","93911"
"252210260","ORZESZYN","93702"
"253210070","ORZYSZ","92734"
"251160110","OSETNO","94234"
"253180120","OSIE","92427"
"249199999","OSIEK","96574"
"249190270","OSIELEC","96545"
"253180210","OSIELSKO","92409"
"250179989","OSINA MA£A","95358"
"252140030","OSIN”W DOLNY","93019"
"251180160","OSJAK”W","94416"
"253220120","OSOWIEC","92822"
"251210220","OS”WKA","94706"
"253160020","OS”WKO","92253"
"353210285","OSTRO£ KA","  285"
"253210310","OSTRO£ KA","92740"
"250160320","OSTROSZOWICE","95281"
"250160330","OSTROSZOWICE"," 5204"
"253159998","OSTROWICE","92128"
"250210010","OSTROWIEC åWI TOKRZYSKI","95753"
"253190160","OSTROWITE","92519"
"253190260","OSTROWITE","92503"
"254189992","OSTROWITE","91414"
"252199997","OSTROWY"," 3506"
"250219991","OSTROWY TUSZOWSKIE","95723"
"252219999","OSTR”W MAZOWIECKA","93759"
"251170120","OSTR”W WIELKOPOLSKI","94329"
"251170160","OSTRZESZ”W","94321"
"252140110","OåNO LUBUSKIE","93008"
"250190440","OåWI CIM","95503"
"250170250","OTMUCH”W"," 5305"
"251199987","OZORK”W","94548"
"250229993","OØA—SK"," 5806"
"251189993","OØAR”W","94408"
"250170220","PACZK”W","95324"
"250150240","PACZYN","95104"
"253200050","PAJTUNY","92634"
"252180060","PAKOå∆","93446"
"252160160","PAPRO∆"," 3204"
"250150250","PAPROTKI"," 5106"
"254190160","PAS£ K","91507"
"250160420","PASTERKA","95222"
"251159997","PASTERZOWICE"," 4150"
"250189977","PAW£OWICZKI","95425"
"251209990","PETRYKOZY","94615"
"249190310","PEWEL MA£A","96541"
"249199989","PEWEL WIELKA","96542"
"251220160","PIASKI","94810"
"252209991","PIAST”W","93612"
"254179992","PIASZCZYNA","91302"
"249199985","PIEK£O","96514"
"250170380","PIELGRZYM”W","95307"
"254209997","PIENI ØNO","91611"
"251150210","PIE—SK","94126"
"251169985","PIERSNA","94254"
"251159987","PIESZK”W","94117"
"251230070","PIESZOWOLA","94917"
"253190080","PIETRZWA£D","92526"
"251149998","PIETRZYK”W","94005"
"250220010","PILASZKOWICE","95850"
"252210280","PILAWA","93775"
"250150050","PILCHOWICE","95133"
"251200260","PILCZYCA","94603"
"250190210","PILICA","95543"
"252180140","PILICH","93457"
"249210010","PILZNO","96743"
"353160230","PI£A","  230"
"253160210","PI£AWA","92257"
"250160280","PI£AWA G”RNA","95242"
"251210110","PIONKI","94721"
"251190120","PIOTRK”W TRYBUNALSKI","94519"
"252170220","PIOTROWO","93316"
"250219973","PI”RK”W","95759"
"253229993","PISANICA"," 2853"
"253210110","PISZ","92727"
"249200410","PIWNICZNA"," 6619"
"249200920","PIWNICZNA"," 6655"
"250190180","PIWO—","95546"
"252229997","PLATER”W"," 3802"
"252220150","PLATER”W","93855"
"251179993","PLESZEW","94343"
"251190140","PLUCICE","94551"
"251150310","P£AWNA","94112"
"253170130","P£AZOWO","92335"
"352190360","P£OCK","  360"
"253150210","P£OTNO","92107"
"253150040","P£OTY","92136"
"251159993","P£”CZKI DOLNE"," 4105"
"250189990","P£UØNICZKA"," 5450"
"254210040","PNIEWO","91706"
"252169998","PNIEWY","93238"
"250150030","POBIEDNA","95129"
"252170120","POBIEDZISKA","93330"
"252160020","PODANIN","93254"
"251180040","PODD BICE","94442"
"253220230","PODG”RZE","92806"
"253140030","PODGRODZIE","92024"
"250239988","PODHAJCE","95913"
"252140170","PODOåNO","93052"
"250160460","PODZAMEK","95219"
"250170260","POG”RZE","95322"
"250179994","POK”J"," 5301"
"249220220","POLANA","96808"
"249190670","POLANA CHOCHO£OWSKA"," 6525"
"250160490","POLANICA-ZDR”J","95298"
"253239997","POLANKI","92918"
"250209989","POLANOWICE","95614"
"254160080","POLAN”W","91207"
"251160150","POLKOWICE DOLNE"," 4202"
"250219979","PO£ANIEC","95730"
"253169997","PO£CZYN-ZDR”J"," 2201"
"254239998","POMORZE","91903"
"249199997","PONIKIEW","96565"
"250189980","POPIEL”W","95406"
"253239998","POPIO£”WKA","92920"
"253150050","PORADZ","92132"
"250199998","PORAJ","95562"
"249199996","POR•BKA","96564"
"250199979","POR BA","95547"
"249200510","PORONIN"," 6629"
"249200930","PORONIN"," 6656"
"250209984","POSZYNA (K£AJ)","95663"
"252200060","POåWI TNE"," 3602"
"250230050","POTURZYN","95915"
"253219991","POWA£CZYN","92728"
"252170150","POWIDZ","93325"
"253169998","POWOJEWO","92228"
"352160330","POZNA—-£AWICA","  330"
"253150150","POèRZAD£O WIELKIE","92116"
"249200210","P”£RZECZKI","96630"
"253190070","PRABUTY"," 2503"
"253220060","PROSTKI","92829"
"250179996","PR”SZK”W","95332"
"249229988","PRUCHNIK","96839"
"250170320","PRUDNIK"," 5307"
"250170530","PRUDNIK","95360"
"253159990","PRUSIM","92135"
"250209986","PRUSY","95606"
"252200210","PRUSZK”W","93662"
"253209993","PRZASNYSZ"," 2605"
"252170080","PRZEB DOWO","93337"
"253179984","PRZECHLEWO","92349"
"253220110","PRZECHODY"," 2854"
"251190160","PRZEDB”RZ","94506"
"252209999","PRZEDWOJEWO"," 3601"
"252200010","PRZEDWOJEWO","93659"
"251220030","PRZEGALINY DUØE","94835"
"250199981","PRZEGINIA","95519"
"251150160","PRZEJ S£AW","94133"
"253150190","PRZELEWICE"," 2102"
"254229999","PRZE£OMKA","91851"
"349220695","PRZEMYåL","  695"
"254210050","PRZERWANKI","91704"
"251159986","PRZESIECZANY","94122"
"250150210","PRZESIEKA","95110"
"250230040","PRZEWALE","95917"
"250170120","PRZEWORNO","95337"
"250229986","PRZEWORSK","95804"
"250189969","PRZYSTAJ—","95481"
"251209989","PRZYSUCHA","94617"
"249219999","PSTR•GOWA","96740"
"251220180","PSZCZELA WOLA","94808"
"249180010","PSZCZYNA"," 5409"
"250160090","PSZENNO"," 5250"
"253210180","PTAKI","92715"
"253210290","PTAKI","92752"
"249200240","PTASZKOWA"," 6609"
"251190050","PUCZNIEW"," 4503"
"251210120","PU£AWY"," 4705"
"249210210","PU£AWY DOLNE","96751"
"252210050","PU£TUSK"," 3701"
"253149994","PYRZYCE","92008"
"249200190","RABA NIØNA","96664"
"249190470","RABA WYØNA","96527"
"249229991","RABE","96810"
"249190370","RABKA"," 6512"
"252200030","RACI•Ø","93643"
"253210120","RACIB”R","92724"
"350180540","RACIB”RZ","  540"
"250170540","RAC£AWICE åL•SKIE","95361"
"253220020","RACZKI","92844"
"250220180","RADAWA","95807"
"251219999","RADOM"," 4708"
"351219994","RADOM","  485"
"251160030","RADOMICKO","94252"
"251199993","RADOMSKO","94505"
"251169986","RADOMYåL","94249"
"250210230","RADOMYåL WIELKI","95715"
"253180020","RADOSTOWO"," 2401"
"252180310","RADOSZEWICE"," 3408"
"251209992","RADOSZYCE","94606"
"249190890","RADZIECHOWY"," 6552"
"250200250","RADZIEMICE","95616"
"253220130","RADZI£”W","92819"
"249190050","RADZISZ”W","96573"
"251160320","RADZY—"," 4251"
"251220040","RADZY— PODLASKI","94898"
"251229999","RADZY— PODLASKI"," 4801"
"253180160","RADZY—-FIJEWO","92421"
"249190540","RAJCZA","96515"
"250210110","RAK”W","95740"
"250219975","RANIØ”W WILKI","95756"
"253229995","RANTY","92840"
"250180150","RASZOWA","95461"
"249190610","RATU£”W","96590"
"249199962","RATU£”W"," 6550"
"253159999","RED£O"," 2150"
"253209985","REKOWNICA","92621"
"353150210","RESKO-SM”LSKO","  210"
"254180080","R BISKA","91425"
"250150060","R BISZ”W","95130"
"250159995","R DZINY","95115"
"254190230","ROGITY","91530"
"252160060","ROGOèNO","93345"
"250170210","ROG”W OPOLSKI","95327"
"251190060","ROKICINY","94533"
"250180310","ROKITNICA","95440"
"253190240","ROKITNICA","92508"
"252150290","ROKITNO","93154"
"253209986","ROMANY-SEBORY","92604"
"250210250","ROPCZYCE","95706"
"251189996","ROSZKOWICE","94406"
"250160250","ROåCISZ”W","95246"
"253199992","ROZAJNY","92531"
"249200120","ROZDZIELE","96645"
"254180010","ROZEWIE"," 1401"
"253210170","ROZOGI","92719"
"249190260","ROZTOKI","96543"
"249220290","ROZTOKI G”RNE","96801"
"253170110","ROZWORY","92336"
"249209991","ROØN”W"," 6604"
"251180230","ROØN”W","94403"
"253200160","R”G","92615"
"253230020","R”ØANYSTOK"," 2901"
"253170030","R”ØKI-D BIE","92355"
"253199994","RUDA","92507"
"250220150","RUDA £A—CUCKA","95851"
"251230110","RUDA OPALIN","94911"
"250230110","RUDA R”ØANIECKA","95905"
"251160140","RUDNA","94228"
"250229997","RUDNIK","95824"
"249180090","RUDZICA","96420"
"253199998","RUDZIENICE","92530"
"253180130","RULEWO","92426"
"253209996","RUMY","92637"
"254209995","RUNOWO","91607"
"251209994","RUSIN”W","94652"
"251200140","RUSZKOWICE","94659"
"254229996","RUTKA TARTAK","91818"
"252210290","RYBIENKO","93777"
"250180510","RYBNIK","95493"
"250180520","RYBNIK"," 5408"
"252239993","RYBO£Y","93921"
"249220070","RYBOTYCZE","96826"
"249190580","RYCERKA G”RNA","96511"
"253199995","RYCHLIKI"," 2501"
"251170260","RYCHTAL","94308"
"250190230","RYCZ”W","95541"
"252160050","RYCZYW”£","93249"
"250180540","RYDU£TOWY","95409"
"250200050","RYKOSZYN","95647"
"253210030","RYN","92738"
"251159988","RZ•SINY","94115"
"251199992","RZEJOWICE","94507"
"350220580","RZESZ”W-JASIONKA","  580"
"252189988","RZESZYN","93432"
"252219986","RZEWNIE","93760"
"251200160","RZUC”W","94658"
"251200050","SADKOWICE","94633"
"250210080","SADK”W","95745"
"250219972","SADK”W"," 5752"
"252210060","SADOWNE","93753"
"250239985","SAHRY—","95919"
"249220190","SAKOWCZYK","96852"
"254199993","SA£KOWICE","91505"
"253179992","SAMOKL SKI","92305"
"350210585","SANDOMIERZ","  585"
"251140110","SANICE","94013"
"249220080","SANOK-TREPCZA"," 6805"
"252159993","SANTOK","93135"
"251210290","SARN”WEK DUØY","94751"
"250229989","SARZYNA","95819"
"251239994","SAWIN","94910"
"254219998","S•TOPY-SAMULEWO","91703"
"254230020","SEJNY","91904"
"251180340","SEMP”£KI","94453"
"252219988","SEROCK","93745"
"252210250","SEROCZYN","93769"
"252219992","SEROCZYN"," 3707"
"250200140","S DZISZ”W","95633"
"253160010","S POLNO WIELKIE","92234"
"253200020","S TAL","92641"
"254220050","SIDORY","91850"
"249190360","SIDZINA","96534"
"352220385","SIEDLCE","  385"
"250189994","SIEDLEC","95455"
"253210010","SIEDLISKA","91701"
"251150260","SIEKIERCZYN","94119"
"250200020","SIEKIERNO","95656"
"250200220","SIELEC"," 5605"
"251179999","SIELEC STARY","94330"
"251180190","SIEMIANICE","94409"
"250190560","SIEMIANOWICE åL•SKIE","95585"
"252229999","SIEMIATYCZE","93818"
"251180180","SIEMKOWICE","94410"
"249199986","SIENIAWA"," 6517"
"250229985","SIENIAWA","95809"
"250140020","SIENIAWKA","95001"
"252210220","SIENNICA","93708"
"249190060","SIEPRAW","96571"
"251180090","SIERADZ"," 4401"
"251180350","SIERADZ-DZIGORZEW"," 4404"
"253140180","SIERAKOWO","92053"
"254160060","SIERAKOWO","91211"
"250189997","SIERAK”W","95476"
"249201010","SIERCZA"," 6670"
"253189996","SIEROS£AW","92425"
"252190020","SIERPC","93540"
"250190030","SILNICZKA"," 5501"
"253160070","SILNOWO","92222"
"252210180","SINO£ KA","93768"
"252219995","SINO£ KA"," 3705"
"251170070","SKA£”W","94336"
"251210140","SKARYSZEW","94715"
"251200210","SKARØYSKO KAMIENNA","94655"
"252190010","SK PE (WYMYåLIN)","93539"
"250230010","SKIERBIESZ”W","95928"
"251200030","SKIERNIEWICE"," 4601"
"249180120","SKOCZ”W","96416"
"252179991","SKOKI","93343"
"250219974","SKOLANKOWSKA WOLA","95758"
"251199994","SKOTNIKI","94511"
"251220130","SKOWIESZYNEK","94854"
"250200120","SKRONI”W"," 5602"
"253190280","SKRWILNO","92502"
"250209988","SKRZESZOWICE","95615"
"252179987","SKRZETUSZEWO","93335"
"249190690","SKRZYCZNE","96591"
"249199961","SKRZYCZNE"," 6508"
"250239996","SKWARKI","95909"
"252150110","SKWIERZYNA","93131"
"252150280","SKWIERZYNA","93153"
"251230040","S£AWATYCZE","94924"
"253200150","S£AWKOWO","92616"
"254160030","S£AWNO","91219"
"253150030","S£AWOBORZE","92140"
"252170030","S£ BOWO","93353"
"252170350","S£ BOWO II","93369"
"254190150","S£OBITY","91512"
"253169999","S£OSINKO","92235"
"250160480","S£OSZ”W"," 5254"
"251200120","S£OWIK”W","94653"
"352140310","S£UBICE","  310"
"252170190","S£UPCA"," 3304"
"250199985","S£UPIA"," 5503"
"252179993","S£UPIA WIELKA"," 3306"
"252219989","S£UPNO","93741"
"254170190","S£UPSK","91356"
"254179998","S£UPSK"," 1303"
"254179999","S£UPSK"," 1350"
"249190570","SMEREK”W MA£Y","96513"
"254239999","SMOLANY","91907"
"251170090","SMOLICE"," 4302"
"249229986","SMOLNIK"," 6810"
"254170020","SMO£DZINO","91340"
"253170240","SMUKA£A","92365"
"250209999","SNOCHOWICE","95651"
"252179985","SOBIEJUCHY","93356"
"252180070","SOBIESIERNIE","93444"
"251220070","SOBIESZYN"," 4802"
"251220220","SOBIESZYN","94856"
"249190750","SOBL”WKA","96595"
"251140060","SOBOLICE","94002"
"250160060","SOB”TKA","95265"
"251170080","SOB”TKA","94335"
"251170410","SOB”TKA II","94354"
"252200170","SOCHACZEW","93618"
"253230080","SOCHONIE","92953"
"253239991","SOKOLE","92906"
"251170250","SOKO£OWICE","94313"
"251159991","SOKO£OWIEC","94111"
"253230050","SOK”£KA","92921"
"251210180","SOLEC NAD WISL•","94708"
"249220150","SOLINA-JAWOR"," 6813"
"252210130","SO£KI","93740"
"254170160","SOMINY","91305"
"252180170","SOMPOLNO","93425"
"249190430","SOPOTNIA WIELKA","96522"
"250199994","SOSNOWIEC","95524"
"250190580","SOSNOWIEC-JULIUSZ","95587"
"253220340","SOSNOWO","92853"
"250180390","SOåNICOWICE","95428"
"252159991","SOWIA G”RA","93144"
"250160580","SPALONA","95280"
"251200090","SPA£A","94624"
"249190460","SPYTKOWICE G”RNE","96583"
"250160350","SREBRNA G”RA","95229"
"250220090","STALOWA WOLA","95829"
"250189989","STANICE","95423"
"249199968","STANIS£AW G”RNY","96570"
"251160280","STANIS£AW”W","94206"
"252210140","STANIS£AW”W","93734"
"250180470","STANOWICE","95415"
"251200240","STANOWISKA","94654"
"250219981","STANY","95729"
"249190910","STA—COWA","96598"
"249199987","STA—COWA"," 6515"
"250150080","STARA KAMIENICA","95124"
"250180370","STARA KUèNIA","95431"
"251210230","STARACHOWICE","94705"
"251169991","STARE DRZEWCE","94242"
"253219992","STARE GUTY","92726"
"253209992","STARE MIASTO","92620"
"250180030","STARE OLESNO"," 5401"
"250170080","STARE SIO£KOWICE","95344"
"251160040","STARE STR•CZE","94246"
"253159995","STARGARD SZCZECI—SKI","92114"
"253150010","STARNIN","92143"
"253180030","STAROGARD GDA—SKI","92444"
"252180120","STARY BRZEå∆","93460"
"252189995","STARY BRZEå∆"," 3450"
"250229994","STARY DZIK”W","95812"
"254230030","STARY FOLWARK","91902"
"250210130","STASZ”W"," 5705"
"253209988","STAWIGUDA","92632"
"253220140","STAWISKI","92817"
"254190060","STEGNA","91521"
"253140050","STEPNICA","92022"
"252160170","ST SZEW","93223"
"250200180","STOPNICA","95626"
"252230050","STRABLA","93919"
"249190120","STRACONKA","96561"
"253190040","STRASZEWO","92538"
"251140050","STRASZ”W","94140"
"250160560","STRONIE åL•SKIE","95210"
"249190150","STR”ØA","96562"
"251160210","STRUPINA","94224"
"254179991","STRUSZEWO","91312"
"254190180","STRUØYNA","91502"
"249199967","STRYSZ”W","96584"
"250160010","STRZEGOM","95271"
"252200020","STRZEGOWO","93651"
"252199998","STRZELCE","93516"
"252150060","STRZELCE KRAJE—SKIE","93139"
"250180220","STRZELCE OPOLSKIE","95453"
"250170090","STRZELIN","95341"
"251199997","STRZELNA"," 4502"
"252180110","STRZELNO","93438"
"250209994","STRZESZKOWICE","95629"
"250240010","STRZYØ”W"," 5927"
"250249999","STRZYØ”W","95927"
"253209999","STUDNICA","92646"
"250189983","STUDZIENICE","95489"
"249220280","STUPOSIANY"," 6850"
"251150070","STYPU£”W","94149"
"249199971","SUCHA BESKIDZKA","96553"
"253239999","SUCHA RZECZKA","92933"
"253150160","SUCHA—","92113"
"251200250","SUCHEDNI”W","94604"
"250219995","SUCHOWOLA","95735"
"253239986","SUCHOWOLA","92928"
"250180380","SUKOWICE"," 5407"
"252150220","SULECH”W","93105"
"351190469","SULEJ”W","  469"
"252219990","SULEJ”WEK","93730"
"252159999","SUL CIN"," 3103"
"254179990","SUL CZYNO","91318"
"253159994","SULIBOREK","92115"
"251150290","SULIK”W","94114"
"251199991","SULMIERZYCE","94510"
"251179996","SU£”W","94323"
"253230090","SUPRAåL","92913"
"253230160","SUPRAåL"," 2950"
"252220020","SURAØ","93838"
"354220195","SUWA£KI","  195"
"251170220","SYC”W","94316"
"253169994","SYPNIEWO","92216"
"253170160","SYPNIEWO","92322"
"251180070","SZADEK","94432"
"249200380","SZAFLARY","96612"
"250160840","SZALEJ”W G”RNY","95286"
"253170230","SZAMOCIN","92301"
"252160110","SZAMOTU£Y-BABOR”WKO"," 3203"
"250200160","SZANIEC","95661"
"250209974","SZANIEC"," 5603"
"249220140","SZCZAWNE","96812"
"249209977","SZCZAWNICA"," 6620"
"250160130","SZCZAWNO-ZDR”J"," 5203"
"250229983","SZCZEBRZESZYN","95837"
"353140205","SZCZECIN","  205"
"253140170","SZCZECIN-PODJUCHY","92052"
"253140210","SZCZECIN-POGODNO","92054"
"253149992","SZCZECIN-WARSZEWO","92018"
"353160215","SZCZECINEK","  215"
"251220210","SZCZEKARK”W","94855"
"250199990","SZCZEKOCINY"," 5502"
"250209991","SZCZEPANOWICE","95618"
"253200170","SZCZEPKOWO BOROWE","92613"
"251190130","SZCZERC”W","94516"
"250210190","SZCZUCIN","95722"
"253220090","SZCZUCZYN"," 2803"
"254200120","SZCZURKOWO","91619"
"249180210","SZCZYRK","96547"
"253210130","SZCZYTNO"," 2702"
"251170040","SZELEJEWO","94340"
"252170070","SZELEJEWO","93344"
"252220030","SZEPIETOWO"," 3801"
"253210090","SZEROKI B”R","92725"
"249210050","SZERZYNY","96732"
"250150150","SZKLARSKA POR BA"," 5103"
"254190140","SZOPY","91511"
"251159996","SZPROTAWA"," 4102"
"251169989","SZRENIAWA","94250"
"253239983","SZTABIN","92931"
"253209989","SZU∆","92624"
"253230070","SZUDZIA£OWO","92916"
"250180060","SZUMIRAD","95477"
"250239984","SZYCHOWICE","95920"
"250170150","SZYD£OWIEC åL•SKI","95335"
"250170180","SZYD£”W","95331"
"250210140","SZYD£”W","95737"
"249219989","SZYMBARK","96721"
"253210050","SZYMONKA","92737"
"249190160","SZYNDZIELNIA","96556"
"249219983","SZYNWA£D","96742"
"250199980","åCIBORZYCE","95523"
"250170360","åCIBORZYCE MA£E","95310"
"251160180","åCINAWA","94226"
"250179990","åCINAWA MA£A","95320"
"249190220","åLEMIE—","96550"
"252219998","åLEPIOTY","93756"
"253180090","åLIWICE"," 2402"
"249190450","åMIETANOWA","96526"
"250219976","åMI£”W","95749"
"350150510","åNIEØKA","  510"
"252170270","åREM","93305"
"252179989","åREM"," 3308"
"252179997","åREM","93307"
"252179990","åREM-W”JTOSTWO"," 3307"
"250189973","åWIBIE","95456"
"252210210","åWIDER","93771"
"252219993","åWIDER"," 3706"
"250169998","åWIDNICA"," 5202"
"249200160","åWIDNIK","96638"
"251150370","åWIECIE","94102"
"253189994","åWIECIE","92420"
"250150090","åWIERAD”W-ZDR”J"," 5101"
"250160730","åWIERKI","95285"
"250180270","åWIERKLANIEC"," 5404"
"251150360","åWIERZAWA","94105"
"250199999","åWI TA ANNA","95571"
"253210370","åWI TAJNO"," 2705"
"252160260","åWI TNO","93202"
"250210050","åWI TY KRZYØ"," 5701"
"353140200","åWINOUJåCIE","  200"
"250180290","TACISZ”W","95442"
"251160250","TACZALIN","94211"
"251219995","TAR£”W","94701"
"250220140","TARNOGR”D"," 5804"
"250230080","TARNOSZYN","95910"
"251160060","TARNOWA £•KA","94243"
"250160360","TARN”W"," 5205"
"350200575","TARN”W","  575"
"251209993","T•KIELE","94632"
"254189994","TCZEW"," 1451"
"249220160","TELEåNICA OSZWAROWA","96811"
"249220050","TEMESZ”W","96829"
"251200290","TEOFIL”W","94661"
"352230399","TERESPOL","  399"
"249220210","TERKA"," 6812"
"254180070","T PCZ","91426"
"254190070","TOLKMICKO","91520"
"254199998","TOLKMICKO"," 1502"
"253209995","TOMARYNY","92653"
"251150180","TOMASZ”W BOLES£AWIECKI"," 4104"
"250230070","TOMASZ”W LUBELSKI"," 5902"
"253190250","TOMKOWO","92506"
"252220120","TONKIELE","93852"
"252199995","TOPOLA-B£ONIE"," 3508"
"253239992","TOPOLANY","92904"
"353180250","TORU—","  250"
"250180240","TOSZEK","95450"
"251170370","TR•BINEK","94352"
"254180150","TR•BKI WIELKIE","91409"
"252170370","TROJANOWO","93371"
"253160180","TRZCIANKA","92201"
"252149999","TRZCI—SKO-ZDR”J"," 3001"
"254150020","TRZEBIAT”W","91101"
"252159997","TRZEBIECH”W"," 3105"
"251149997","TRZEBIEL","94004"
"253140040","TRZEBIEØ","92051"
"253149999","TRZEBIEØ"," 2002"
"251170210","TRZEBNICA","94314"
"251170060","TRZEBOWA","94339"
"253149991","TRZECHEL","92025"
"252170090","TRZEMESZNO","93336"
"249200570","TRZEMEåNIA","96663"
"252230020","TRZEåCIANKA","93950"
"250190280","TRZYCI•Ø","95529"
"252169999","TUCHOLA","93242"
"252169992","TUCHORZA STARA","93216"
"253170090","TUCH”£KA","92338"
"249210030","TUCH”W","96738"
"251239996","TUCZNA","94919"
"252150010","TUCZNO","93143"
"253160150","TUCZNO","92207"
"253160220","TUCZNO TRZECIE","92258"
"252180240","TULISZK”W","93404"
"250180090","TURAWA","95470"
"252180260","TUREK","93401"
"252160250","TUREW","93208"
"250170440","TURK”W","95302"
"250220040","TUROBIN","95842"
"253210160","TUROåL","92721"
"253210140","TUROWO","92722"
"253140120","TURZE","92011"
"251150280","TWARDOCICE","94116"
"250189995","TWOR”G","95457"
"250180420","TWOR”G MA£Y","95492"
"253169985","TYCH”WKO","92232"
"250180490","TYCHY","95417"
"249229997","TYCZYN","96848"
"253220210","TYKOCIN","92810"
"249219986","TYLAWA","96710"
"249210260","TYLICZ","96703"
"249209974","TYMBARK","96640"
"250199983","TYNIEC","95502"
"253210350","TYSZKI-W•DO£OWO","92756"
"254179995","UGOSZCZ","91311"
"251230060","UHNIN","94952"
"251239999","UHNIN"," 4901"
"250199988","UJAZD","95509"
"251179994","UJAZD","94328"
"250180280","UJAZD åL•SKI","95441"
"253169988","UJåCIE","92202"
"254170080","ULISZKOWICE","91320"
"251180010","UNIEJ”W","94446"
"250169997","UNIEMYåL","95235"
"251210020","UNIN KOLONIA","94735"
"253180190","UNIS£AW","92411"
"250160240","UNIS£AW åL•SKI","95245"
"250180360","URBANOWICE","95430"
"354160115","USTKA","  115"
"249189987","USTRO—-CZANTORIA BARANOWA","96409"
"249189991","USTRO—-R”WNICA-SCHRONISKO","96411"
"249180180","USTRO—-R”WNICA-WIEå","96410"
"249209997","USZEW","96654"
"250209985","UåCIE SOLNE","95608"
"253189999","UåNICE","92450"
"253219997","WACH","92712"
"249190080","WADOWICE","96569"
"249199998","WADOWICE"," 6502"
"249209979","WAKSMUND","96616"
"249199970","WALASZK”W","96554"
"252190160","WALEWICE","93506"
"250160270","WALIM","95244"
"250160160","WA£BRZYCH","95255"
"250160210","WA£BRZYCH II","95277"
"253169993","WA£CZ","92209"
"353160225","WA£CZ","  225"
"252190130","WA£Y","93511"
"253200130","WA£Y","92619"
"252180150","WANDOWO","93427"
"249189995","WAPIENICA","96415"
"253209994","WAPLEWO","92622"
"252140040","WARNICE","93020"
"253149997","WARNOWO","92032"
"352200556","WARSZAWA","  556"
"252219994","WARSZAWA KABATY","93711"
"252200240","WARSZAWA-BABICE"," 3612"
"252200150","WARSZAWA-BIELANY"," 3604"
"252200220","WARSZAWA-CZAJKA","93663"
"252210270","WARSZAWA-CZERNIAKOWSKA","93774"
"252200230","WARSZAWA-FILTRY"," 3611"
"252210150","WARSZAWA-KAW CZYN","93732"
"252210160","WARSZAWA-OBSERWATORIUM"," 3704"
"252210170","WARSZAWA-OBSERWATORIUM II"," 3708"
"352200375","WARSZAWA-OK CIE","  375"
"249180020","WARSZOWICE","96432"
"251180060","WARTA","94433"
"251180360","WARTA II","94454"
"249199966","WART”WKA","96585"
"253189993","W•BRZEèNO","92416"
"252210030","W•SEWO","93762"
"250190080","W•SOSZ","95583"
"251190170","W•SOSZ G”RNY","94503"
"254180050","WEJHEROWO","91429"
"250230030","WERBKOWICE"," 5901"
"252239997","WERCHLIå","93904"
"253239990","WEROBIE","92909"
"249220310","WETLINA","96802"
"251150170","W GLINIEC","94128"
"249200140","W GL”WKA","96641"
"254210020","W GORZEWO","91709"
"250190450","W GRZCE"," 5507"
"250170060","WI•Z”W","95345"
"254200110","WICHROWO","91601"
"251180130","WIDAWA","94422"
"253140140","WIDUCHOWA","92006"
"253160030","WIELANOWO","92231"
"253200140","WIELBARK","92618"
"253170180","WIELE","92315"
"252210240","WIELGOLAS","93703"
"252160230","WIELICHOWO"," 3206"
"250200310","WIELICZKA"," 5609"
"251200230","WIELKA WIEå","94607"
"250230140","WIELKIE OCZY","95901"
"249219984","WIELOPOLE SKRZY—SKIE","96741"
"351180455","WIELU—","  455"
"251160120","WIERZA (WIEWIERZ)","94235"
"251219992","WIERZBICA","94711"
"253190140","WIERZBICA","92552"
"250179991","WIERZBI CICE","95319"
"252220010","WIERZBOWO","93839"
"252140050","WIERZCHLAS","93050"
"253189995","WIERZCHLAS","92424"
"251219993","WIERZCHOWISKA","94710"
"253160090","WIERZCHOWO"," 2202"
"253179988","WIERZCHUCIN KR”LEWSKI","92318"
"254180020","WIERZCHUCINO","91436"
"249209985","WIERZCHY","96631"
"250180610","WIESZOWA","95494"
"253150090","WIEWIECKO","92123"
"252180050","WI C£AWICE","93449"
"253229992","WIKTORZYN","92808"
"251190030","WILAN”W","94542"
"250210170","WILCZA WOLA","95724"
"251210030","WILGA","94734"
"254210060","WILKOWO","91751"
"252170230","WINNA G”RA","93365"
"252200050","WINNICA","93641"
"251169999","WI—SKO"," 4203"
"249180230","WIS£A"," 6404"
"249180040","WIS£A WIELKA","96428"
"249180250","WIS£A-G£ BCE","96407"
"249180540","WIS£A-JAWORNIK","96454"
"249180240","WIS£A-MALINKA","96408"
"249189988","WIS£A-PRZYS£UP","96406"
"249189992","WIS£A-STOØEK","96405"
"249210190","WIS£OCZEK","96752"
"249210270","WIS£OK WIELKI","96705"
"251230030","WISZNICE","94925"
"250209992","WIåLICA","95621"
"252219987","WIåNIEWO","93758"
"251170030","WITASZYCE"," 4301"
"252140080","WITNICA","93013"
"253150020","WITNO","92142"
"253179995","WITOS£AW","92313"
"250170130","WITOSTOWICE","95334"
"249190630","WIT”W","96594"
"249199983","WIT”W"," 6520"
"253220190","WIZNA","92809"
"252180230","W£ADYS£AW”W","93407"
"251200220","W£OCH”W","94657"
"251209998","W£OCH”W"," 4604"
"251170310","W£OCHY","94303"
"252199992","W£OC£AWEK","93530"
"351230497","W£ODAWA","  497"
"250209993","WODZIS£AW","95628"
"250189982","WODZIS£AW åL•SKI","95402"
"250150020","WOJCIESZ”W","95136"
"249200520","WOJKOWA","96701"
"250190570","WOJKOWICE","95586"
"249200040","WOJNICZ","96655"
"250170420","WOJNOWICE","95305"
"250189979","WOJNOWICE","95408"
"250239992","WOJS£AWICE","95931"
"250209980","WOLA BATORSKA","95602"
"251229992","WOLA CHOMEJOWA","94833"
"249219994","WOLA KOMBORSKA","96730"
"251170380","WOLA KSI•Ø CA"," 4351"
"250219980","WOLA MIELECKA","95721"
"251220050","WOLA OKRZEJSKA","94850"
"250219989","WOLA WADOWSKA","95720"
"250190240","WOLBROM","95536"
"253140010","WOLIN","92028"
"254189997","WOLNY DW”R","91404"
"252169995","WOLSZTYN","93212"
"252210120","WO£OMIN","93739"
"249220340","WO£OSATE","96855"
"254229998","WO£OWNIA-JELENIEWO","91852"
"251169994","WO£”W","94223"
"250199977","WOèNIKI","95555"
"251200070","W”LKA JAGIELCZY—SKA","94631"
"252220180","W”LKA KAMIENNA","93803"
"250239998","W”LKA NIELISKA","95925"
"253209991","WROCIKOWO"," 2602"
"251179997","WROC£AW-BISKUPIN","94304"
"251170280","WROC£AW-OGR”D BOTANICZNY","94305"
"251160260","WROC£AW-STAB£OWICE","94213"
"251160340","WROC£AW-STRACHOWICE","94255"
"351160424","WROC£AW-STRACHOWICE","  424"
"252160070","WRONKI","93243"
"249200990","WRONOWICE","96670"
"252209988","WR”BLEWO","93637"
"252170180","WRZEåNIA","93320"
"252220110","WRZOSKI","93820"
"254149999","WRZOSOWO","91001"
"253170070","WYCZECHY","92363"
"253179997","WYCZECHY"," 2301"
"251160130","WYDAWY","94231"
"250200070","WYMYS£”W","95657"
"253170220","WYRZYSK","92309"
"252159992","WYSOKA","93137"
"253170190","WYSOKA","92312"
"249209984","WYSOKIE","96632"
"250220030","WYSOKIE"," 5801"
"249210230","WYSOWA"," 6707"
"250140010","WYSZK”W","95131"
"252210080","WYSZK”W","93751"
"251179992","WYSZOGR”D","94350"
"249210220","WYSZOWADKA","96753"
"253219993","ZABIELE WIELKIE","92704"
"253230140","ZAB£UD”W","92903"
"249189990","ZABORZE"," 6402"
"252230170","ZABUØE","93905"
"249229996","ZAD•BROWIE"," 6801"
"251230160","ZAGRODA","94951"
"251150240","ZAGRODNO","94125"
"250220060","ZAKLIK”W","95839"
"250220050","ZAK£ODZIE","95841"
"349190625","ZAKOPANE","  625"
"252200110","ZAKROCZYM","93632"
"250220020","ZAKRZ”WEK","95849"
"249209982","ZALESIE","96627"
"252170010","ZALESIE","93362"
"253179985","ZAMARTE","92339"
"252190180","ZAMBRZYCA","93552"
"252230250","ZAMOSZE","93955"
"250230150","ZAMOå∆","95950"
"350230595","ZAMOå∆","  595"
"252170250","ZANIEMYåL","93309"
"253170060","ZAP DOWO","92345"
"253210260","ZARUZIE","92751"
"249229998","ZARZECZE","96846"
"250239986","ZARZECZE","95918"
"251149999","ZASIEKI","94012"
"252210070","ZATORY","93752"
"250210240","ZAWADA"," 5751"
"253220220","ZAWADY","92807"
"250180170","ZAWADZKIE","95463"
"250219998","ZAWICHOST","95748"
"250199996","ZAWIERCIE","95549"
"253219998","ZAWODZIE"," 2703"
"249190350","ZAWOJA"," 6513"
"249199988","ZAWOJA I","96538"
"249199976","ZAWOJA II","96535"
"249199965","ZAWOJA-PRZYS£UP","96588"
"250190250","Z•BKOWICE"," 5505"
"250190550","Z•BKOWICE","95584"
"250169992","Z•BKOWICE åL•SKIE","95231"
"252150190","ZB•SZY—","93112"
"253190180","ZBICZNO","92515"
"251180020","ZBIERSK","94444"
"249210130","ZBOISKA","96755"
"250189974","ZBROS£AWICE","95446"
"249199964","ZBYDNIOWICE","96589"
"249209987","ZBYSZYCE"," 6606"
"250219977","ZDAN”W","95744"
"251189995","ZDU—SKA WOLA","94427"
"251199984","ZEL”W","94520"
"250199978","ZENDEK","95548"
"252160130","Z BOWO","93236"
"251209985","ZGLINNA DUØA","94637"
"251150250","ZGORZELEC"," 4106"
"351150405","ZGORZELEC","  405"
"250160530","ZIELENIEC","95213"
"250170280","ZIELINA","95321"
"250180210","ZIELONA","95458"
"351150400","ZIELONA G”RA","  400"
"252200160","ZIELONKI","93619"
"250170160","ZI BICE","95333"
"251180140","Z£OCZEW","94421"
"252160120","Z£OTNIKI","93237"
"251150390","Z£OTNIKI LUBA—SKIE","94167"
"251150270","Z£OTORYJA","94121"
"250190090","Z£OTY POTOK","95564"
"250160440","Z£OTY STOK","95221"
"249190760","ZUBRZYCA DOLNA","96596"
"249190490","ZUBRZYCA G”RNA","96518"
"254190170","ZWIERZNO","91504"
"250220110","ZWIERZYNIEC","95832"
"250229998","ZWOLAKI","95825"
"251210130","ZWOLE—","94717"
"250180450","ZWONOWICE","95419"
"251169995","ZYBISZ”W"," 4206"
"251160370","èR”D£A","94256"
"254220020","ØABIN","91819"
"249190420","ØABNICA","96520"
"252190040","ØABOWO","93537"
"251150110","ØAGA—","94144"
"253170250","ØALNO","92366"
"252220130","ØANECIN","93816"
"250190140","ØARKI","95559"
"249210040","ØARNOWA","96758"
"249219996","ØARNOWA"," 6701"
"251199989","ØARNOWICA","94521"
"354180131","ØARNOWIEC","  131"
"254170010","ØELAZNO","91344"
"252150170","ØELECH”W","93115"
"253140090","ØELEWO","92016"
"254180040","ØELISTRZEWO","91451"
"252170290","ØERK”W","93304"
"251160160","ØMIGR”D","94227"
"251230180","ØMUDè","94901"
"252170040","ØNIN","93354"
"250180560","ØORY","95407"
"250170010","Ø”RAWINA","95356"
"249220240","ØUBRACZE","96854"
"249229989","ØUBRACZE"," 6851"
"252220090","ØUROBICE","93853"
"253190270","ØUROMIN","92504"
"252190120","ØYCHLIN","93514"
"254220010","ØYTKIEJMY","91820"
"249199975","ØYWIEC","96597"
"249199992","ØYWIEC"," 6509"
